x,f(x)
6.905162501831676,85.30191918402899
3.3119004868420205,34.21628678211249
26.821955725274023,836.705131829656
-4.134172026150448,10.554690237203111
11.901012417738777,199.23814623812765
6.68379812127143,81.40834981099721
7.247598307894407,91.51807446417149
13.351725660996813,241.67548077050805
-6.997609251902283,30.976098234699293
-6.895555726068562,29.96646586704268
23.007725582452295,631.3863388072389
4.408736049843668,47.07189775656582
2.2427235962785375,24.000703514418685
18.549043059937887,428.2631706791814
11.4944394420708,188.09989585571606
-1.2406683399660139,6.5765845699299685
3.008439963358832,31.084470866569816
13.988941738519415,261.64625791776825
-10.656771670998765,80.93969576380675
11.556023819376726,189.76578179150917
1.5189241973508096,18.38282750670104
-20.216955911568498,337.8574826840304
-12.535594473627857,116.99875091273783
9.349340170396069,134.80752230336586
10.030974732275943,150.74435300866222
-23.815699050726927,481.9247250718878
17.32310487267044,379.38238192022015
-21.55863245885885,388.5401036607269
26.095174408540217,795.3388250462931
12.8094629267788,225.32019217963568
-15.780997585309626,195.91589444630972
20.021582658484377,490.95010278445983
29.1252561553352,974.7815707352318
-16.333300149671445,211.44349318057147
21.637387157375265,564.7260716276492
7.232136570257161,91.23234565187965
-16.427671156395604,214.15769499708966
-7.515127285920322,36.41662897990285
22.71369107468611,616.7665265350199
-4.046688437507264,10.188933560225927
-25.8785004565404,576.1827840530002
-6.24560101976698,24.02512801904642
-25.546178937244086,560.422542544717
27.871446400798504,898.303310075778
29.41098333943779,992.6498743504385
-24.060015160192698,492.6442688679316
-11.723447535465688,100.54543197495377
-13.019515472590356,127.42972125065828
-18.126319999690672,266.0581967324233
-11.95838008727948,105.16933396272447
7.2003697712045,90.64680392689354
7.533723730516769,96.89188816981857
28.283874810730644,923.1130735520061
-17.21088483505982,237.37101746545278
24.619601646798145,714.6031918342185
-19.965414148944237,328.7561055430858
-27.63931284167896,663.3743629934837
-7.866912646999488,40.42066400752254
-1.66474280424082,6.1123973873083095
-19.78790850281266,322.4096889044349
18.843784999672884,440.46337311258833
22.675895865933285,614.8998367863834
-25.118805705750635,540.4791772602481
-19.834180689861732,324.05800087863713
-1.8908059199108926,6.011923347126507
-8.786391491216495,52.05510947205565
-1.2170898934344692,6.612948234962451
28.40861993053106,930.6841660794908
0.6560881757196988,13.054804397197998
-3.5632704012234058,8.443814347341188
10.054897539343187,151.32055468406242
-2.1141999871750947,6.013041637070792
-28.651233026732093,716.2882218451755
-21.237187866143415,376.0693969972954
23.809311054876858,672.1205371273888
25.83054743173721,780.5393703501745
-11.35496757868858,93.51541839831447
24.39458612184771,702.6741765436357
4.263143760701176,45.22696976721007
4.617677432430547,49.79365459970056
25.28933936022876,750.7080427177306
-3.4099090008797255,7.987843390761666
7.424405886317736,94.81942631006038
4.0146580189869,42.17611108536342
18.15941900600859,412.4021746598204
-11.947314381646773,104.94906340731673
-7.669441466685029,38.14256654416769
-24.175910559375776,497.771009137434
-5.702263922959517,19.70675815524759
-0.626219692429526,7.887272333468426
-3.503074247507058,8.25923219351891
-4.354779179171384,11.54498498265906
-25.236081209949923,545.9154699953879
-0.1951079700093601,9.257635239923733
-13.798970327167194,145.21570078137194
18.942167284087212,444.5743705546928
-17.64061029676933,250.62869045540683
4.913821320245745,53.800925248284614
11.493613153048564,188.0775959241252
-16.122843396184606,205.45470559315515
4.799839988562518,52.2378238700539
11.377333473330452,184.95305085668738
-22.026594322369338,407.0644801527558
27.63072781908354,883.9800310886112
29.39545020378059,991.6742934980667
-26.63267388404104,612.7686226775174
10.72458013362862,167.91493957713618
-8.36208276037479,46.47609704985811
-26.914292038812047,626.7219477952133
5.145095022250132,57.052382876983614
26.974624742917193,845.5288789928693
2.2933849770897226,24.43315456149972
3.3943141888311743,35.09862556782533
-12.005250941463807,106.10504640166238
-29.99994133276928,789.9967146385214
2.667058911852884,27.781438886705423
-22.579134462838596,429.5007752395912
20.698649231810542,521.2286769487733
-16.12429163909399,205.49561430618039
-25.36104269286526,551.7383156978734
19.898122193114688,485.527755584582
-24.130545103682607,495.76102658613024
21.63399136330311,564.5655477606861
-24.92646134718054,531.6226299037633
15.976072166494447,329.1391705350163
-29.53721124002002,764.298002877485
0.3620996284429836,11.579514654690481
11.52555987891219,188.94077003803915
-4.899621392600068,14.407804220423955
-21.101697412364764,370.8748440335428
24.015359683730402,682.7989394738652
25.914786220084856,785.2352897130394
27.42985232496649,872.1162078693355
-5.396179546449819,17.534035511724095
5.896795124582233,68.35937323962574
-21.061785225902334,369.35165599842844
-28.521386120266502,709.3839217402647
24.180237648840077,691.4048433497435
28.180593857800126,916.8682456094826
5.95135795546652,69.22409333596072
-16.429945665418337,214.22333190692544
29.5957480981668,1004.291297882811
12.363702393034494,212.31594643566484
-22.68283017678464,433.7794641217133
29.821515144532555,1018.6088260937147
-2.9246593640235794,6.854994939476491
-1.0619909965417165,6.879860890568802
0.9238933566461718,14.549152361039617
0.5502145035218255,12.503594013973071
-15.964479237892144,201.00668038552075
-15.384490658773176,185.14459019478642
-18.89371988630412,291.3977715969072
-0.5607118217921361,8.071550459928911
19.597960033192393,472.471877595376
-17.07066661127863,233.1249921083085
1.1204000704607644,15.736896599731544
7.99011308404237,105.80235943195456
-20.061264472066057,332.20927432991556
-24.867769997151132,528.9349046426055
-4.615491479346158,12.840795678532352
-14.560157950910053,163.75756775180903
-13.241869706860967,132.3796345060383
-2.848540526542905,6.72002102518571
-16.052614991703415,203.47598810504755
-4.892597207730937,14.367118606172813
5.062952452432363,55.885297345320325
-19.992911771165446,329.7448740049441
-7.286556353187741,33.94767807542967
14.066688993320604,264.13849520808947
10.734413414069202,168.16528500042563
23.294101349161444,645.7915630616508
-0.8842889983120692,7.244811039287486
-0.46652239530012096,8.35155356411608
17.716999834096875,394.7600824577762
-0.6304473897539147,7.875674352231865
-14.82555350859348,170.49482280179453
-0.8051180603532586,7.427742849693959
29.89458173089507,1023.2643437887455
-7.359024891608389,34.7191477888783
-23.986637679801426,489.4122364628638
25.259760317100152,749.0945325457483
7.221315241395104,91.03265478118564
-24.33624583846177,504.9078781562008
-25.59327102023491,562.6424374342564
5.947143031129187,69.15708235722519
22.17988803505527,590.6669853878091
14.1860480919524,267.98815283499596
9.961202883593138,149.0703744224768
-4.567193685646231,12.59048341962188
-25.6539922132098,565.5113476225899
15.309110820419164,305.6053173935518
23.275691151054126,644.8605631634758
-28.81976694768451,725.2998991281105
15.605090564603415,315.9392137878882
21.860885004728615,575.3418332088829
-28.18586478900177,691.6995147478826
-14.102703055042783,152.4754212385419
20.87356731705752,529.2000818079621
-2.8309476007486047,6.6904739151898625
-16.941551239734505,229.24995344961172
9.997848539384421,149.9483695740089
-23.92215040569716,486.5806784100082
12.071548330783003,204.0084724255619
14.764241016467402,287.03977685820803
14.951648177361236,293.35837592903454
-11.30275609553874,92.54127097308319
-24.32098052220222,504.2261714725309
-22.64363578407322,432.15969838546835
22.46438150346286,604.5059623469757
18.833518896167504,440.0355095969685
-8.565826332783008,49.110075432266754
8.9295777934015,125.45567074201519
-8.082650814050854,42.99864092567353
8.559583078325865,117.50479478806595
10.564530671103952,163.86743098511192
14.527159712818246,279.1470081730025
22.68327454991058,615.2640425062633
5.719172771384322,65.58562827448111
-12.952746369607123,125.962653036942
-0.27534367014115446,8.974439456122184
10.253208167657057,156.14111039993762
6.197623197147735,73.20102608241464
-9.684297536418601,65.04842862820898
-6.370195381911188,25.098607676077876
-8.515571113234046,48.45266693160994
-3.4214184558035363,8.02043042649891
-27.195611017337434,640.8188145369755
14.323327545724958,272.4510221650232
-9.500951290576651,62.264270263603535
-21.286290523909777,377.9610021726521
-10.447963064373631,77.36807993702112
-15.477546371901383,187.64425620675212
-14.464150760447058,161.355054179153
-17.054840021333053,232.64820806793142
19.668308690529493,475.515601508076
22.344343966359062,598.647083152403
-11.046526621394396,87.83964391159749
-4.911210865309567,14.475148702296476
-9.863752158895146,67.83859801652807
7.977122461128673,105.54297260435825
-25.40541079518995,553.8132544915943
5.664822529464821,64.74950440819151
25.06551403676447,738.5420500742946
-3.0305684565654936,7.0620713436677836
3.110089278039297,32.11301242953218
-15.261307625943196,181.86227994989918
-2.990142454306042,6.980382079819194
13.73091285655454,253.4616193005129
-19.042606945758813,296.45045150762655
-19.66808149420949,318.1611036860278
-8.266675029209804,45.27121592172169
-16.4975988697399,216.18037298788363
2.036690682369553,22.29487166512917
-9.273933957194647,58.91011521362937
-7.803501115077726,39.680625192708405
-9.504428701764247,62.31645013986302
19.652034676731184,474.81060564236964
-21.734102444025766,395.4347992713037
-13.00959523948973,127.21118733739492
18.733765865537578,435.88904696693123
25.56970553019756,766.0886630218058
14.239884071085974,269.733834642312
-16.691302292105075,221.83436303801182
-11.339605833626756,93.22823712751492
8.834527172190036,123.38697904492422
18.42070798535606,423.00531462318474
7.896779609605716,103.94624664110746
26.3079217784324,807.3384354138475
-1.4220289578350602,6.334050525581226
7.929954437036713,104.6039951216251
-11.727524458091782,100.62473208277383
-22.171310217213254,412.88175587905175
7.496048077546554,96.1749290910756
-17.925419342353557,259.6189812298088
-3.953911175946171,9.81776888348735
9.337945566234765,134.54900966290256
-12.983037261682355,126.62710749150304
9.285702463465029,133.36708009386064
-24.081606464914767,493.5973440713656
-13.146473344236458,130.24386801377392
-19.788011962612867,322.41336958205846
-2.8612277480004025,6.741713233925845
-7.440696366824312,35.60117695597527
-29.76999809698149,777.1727943063555
-4.076075789347936,10.310090683116655
-7.369327794111843,34.82968096062195
-16.89455039669437,227.84763151966843
16.18313073475983,336.6262433173675
-11.29669002338131,92.42844539083757
8.198542896515967,110.01027721207629
8.790388486897562,122.43248369817147
15.018697433194028,295.63606232260497
18.034660603973137,407.38762551639326
-17.749757818573197,254.05487134370753
4.034817819856606,42.41902611885884
-14.199066967385665,154.81723487476006
7.062601017404717,88.13073720066501
-24.409067861147477,508.16632240551274
-13.853555126904325,146.5067691465598
6.258853322703736,74.20865820593454
-17.364706677443536,242.07421128387796
24.764757428353633,722.3522401986111
20.332132619272812,504.72414732478876
22.438506011622025,603.2405760800858
-29.1532318102436,743.2979977408249
24.130091511277456,688.7816823877342
23.090937889420246,635.5551641707445
7.15507296813616,89.81536105189744
18.50968434349369,426.64715186975013
9.284612965454095,133.34248978009464
0.9251298733995661,14.55638477625456
29.077251500189327,971.7955608060198
-13.596615225157894,140.48148468036385
-23.954650864118122,488.0066945653226
26.695526040166428,829.4332147218695
-2.1782845621001243,6.031785385083233
-9.608691300850417,63.89218331163681
-24.158305944098107,496.9905223122535
-26.13776996159619,588.6319387189353
-29.61382230780186,768.5231824468557
-22.548876027317995,428.25630598608416
21.008882449090848,535.4086715560809
21.677504485334126,566.6242186530176
-22.06699403673756,408.6842496704609
-12.718560965569868,120.88754917263806
4.288110520656886,45.54033391999582
2.6711746819108484,27.819872908924914
-1.1273846196687174,6.761457601990709
23.0616258677639,634.0850911357727
-14.976184926808596,174.38137525473462
10.499776770603319,162.24441931491432
-3.8797395071858993,9.533420614875487
8.213634444963027,110.3183285753352
24.40710773151092,703.3353387436239
-17.493389918587482,246.04513116938824
2.348071568788214,24.9057263673044
-16.092584899973993,204.600949162975
-14.042286241406716,151.01665791997348
-15.567597845860941,190.07971130701048
18.65006192093947,432.42505733863436
19.836869584007047,482.8488732289321
-14.80322517381814,169.92257485149054
-1.831769301221243,6.028301568011589
12.26359132402235,209.45003745872566
12.071411930293678,204.00463371201124
23.978419646083253,680.8782873080042
-22.52251213029137,427.17350413795646
-10.486255541507,78.01653311575825
-27.917984656750498,677.7419286675542
25.616313004720872,768.6607439747152
29.99668123195525,1029.7876098593574
-21.052582957948854,369.00091736952305
12.435819608103174,214.39288775769606
17.259515218774077,376.92892646219025
15.28807679528714,304.87759927974565
-29.903520182277695,784.6064385627786
-23.5629872178466,470.96241775701594
-24.73037558134515,522.6699740690118
-23.52598341383112,469.3679619325326
23.590806909615146,660.8893982852063
-9.987020112452875,69.79249027672674
13.696211045794577,252.37104119412368
-5.497272817212682,18.23091715801473
7.501759082322138,96.28342565849124
15.206086719119916,302.04942018587474
19.34400400803196,461.56650709488434
10.035675637798953,150.85748805830724
-2.8633841112731915,6.745432123598999
-18.74631992798944,286.4392311305762
17.42012078762187,383.14109140582303
-5.717948135696446,19.82313833972868
-5.6056427672704245,19.000659765169527
22.599939191314704,611.1570082163812
-0.7154707389301294,7.650015422544708
-9.51625737844764,62.4941249790686
-12.744799703331942,121.45072066472221
4.413324566948873,47.13073200102995
19.178755358099096,454.5396785182112
6.816768789838385,83.73541189346821
8.251573573780767,111.09476073864018
19.602668691370845,472.67529458913407
14.685752480607732,284.4143358441071
-14.24208191120836,155.86856952073492
7.857274517084235,103.16586090515824
2.8826916770275943,29.84067801291454
6.484219375153714,77.98197840573368
-23.109517022716553,451.6117089323599
1.3233352187445355,17.04455697614779
-29.881143648714175,783.3581711602347
-0.04265166670256093,9.831212497862262
-16.46711157591003,215.29731734983002
9.762535100454201,144.35723198941713
28.951053743213798,963.9677278153089
-8.094689201533786,43.145236463292534
15.219184664562142,302.5003205122921
23.70139501461388,666.5617056972192
25.134830039793215,742.2990012884643
-4.7971041672934405,13.82379172269033
29.196238602293697,979.2053029312394
28.74188434598628,951.0634531419962
18.098850155048552,409.9637775550952
-29.24597979803504,748.3434151549335
-27.622089343181408,662.4914623099702
-8.512185430309735,48.40855907873839
0.07743642839540854,10.315742114024271
-29.78845760699818,778.198376175935
8.722054823913297,120.96245964700239
-16.522667098441154,216.90785965214522
-6.349705370849229,24.919936813194624
11.09562932881304,177.49550751766827
-20.509104056517483,348.58693297499195
0.5056155908725799,12.278109489223748
-0.5310945200016945,8.157683309169052
1.2061849480817912,16.279621921306237
-7.80374014160202,39.68339963124264
8.577742149751366,117.88862898662664
11.809060499760086,196.69015188603427
-26.44055781840831,603.3408664749595
-13.123752841621663,129.73787728148602
22.373533898358367,600.0691546944245
7.087266342247716,88.57840957494818
4.562342551021956,49.06433975695336
14.145235437840313,266.6686273432947
-9.77246843439137,66.41126556361024
-29.667797463718102,771.5070164933259
19.163235851067974,453.88255168792875
21.52084243878376,559.2300290300911
2.04006714156683,22.322142508367975
-6.646961918908328,27.59425507578417
-23.83716551234977,482.8617976137582
2.2167634795164304,23.781094242183514
-13.235388442406954,132.23395345177175
-5.091468649961616,15.557178413695496
5.499585713982292,62.24378588136728
22.945191683349265,628.2625881190373
-11.097132721382014,88.75782375043933
-4.083326490133178,10.340249264490627
-5.846175297071195,20.793064415800693
-25.830966614483035,573.914969780605
1.082433775643679,15.501397981228948
-25.907291676349544,577.5585952980523
29.39603554854409,991.7110481654443
10.918498955362814,172.88761525971012
25.183868327169392,744.9626972288833
23.71134379256612,667.0731996195283
27.430272403086853,872.1409337198957
24.479509290488075,707.1644122650442
7.307220202118749,92.62434789072736
29.362684970967393,989.618008588144
10.277324685677655,156.73270143754993
5.602629727150308,63.79997876814957
-11.275565802746847,92.03612096108677
6.422854200865892,76.9444728890442
-17.513038478090365,246.65436282271224
-28.67524857724813,717.5688866579784
-4.083305956040366,10.340163706473263
14.689596240155574,284.5426226594151
21.64793237955398,565.2247058279575
-12.756542372349994,121.70320380816084
23.31448174665328,646.8229861016421
-26.920183792376736,627.0155602458361
20.441017604961885,509.5992711462093
-11.837004151111817,102.76665066899112
21.512746761051943,558.8492602493586
23.290963231882593,645.6328211964371
9.265815849119072,132.91860674626247
-4.229060279069323,10.968709727724608
29.675178643600262,1009.3169421039902
28.170537154048787,916.2613121638383
29.11862184470823,974.3686255139522
-3.1423399502089033,7.30494056184328
-16.428847774896482,214.19164811113518
-9.264441452651951,58.77210961900799
24.334976009481665,699.5309614199748
18.221928649526014,414.92639830652104
5.107226690422479,56.512671229053666
6.239685059236038,73.89240987539759
27.106816108525194,853.2067439755017
20.825821170668817,527.0181121153528
-0.1332394986525074,9.484794769391142
5.118703460258217,56.67593895509232
-25.889489969873452,576.7077310206844
-20.16978556282392,336.1411073990046
-3.5909178192325406,8.531019507551623
-23.98216739437062,489.2156833541308
-6.580049681640425,26.976855086294556
19.268407310972506,458.34514954542874
20.69608071933149,521.1120800184106
19.570790472213986,471.29900159615767
20.5652791928893,515.1918250530427
-23.59168213997589,472.2007376337539
-2.6785932545340962,6.4604888050991764
10.306720523770714,157.45537005019932
-22.02809918124598,407.12475681382597
-10.948056228894792,86.06771027546289
19.25571721138261,457.80551417026686
-21.575525188573188,389.2011864084634
-29.217900958890045,746.8141326079476
-11.481125162203995,95.89173434137771
2.48086560485811,26.078156568800434
-7.06981692766519,31.70304368004051
-23.49608378742161,468.0816181958502
13.502342542144795,246.32262429399236
-20.921926904738097,364.0393177882514
25.32420147393607,752.6119861882501
24.604807214829073,713.815766938221
-7.28916260075038,33.97524101717653
-23.644730202313823,474.4943455309562
-10.434727380253864,77.14462597920422
-14.097389490455674,152.34683248378738
-26.090702711637498,586.3619571404982
26.18264180490145,800.2612991033789
20.28357352421189,502.55764900895707
-10.745009173661167,82.47518544741796
12.41425676097947,213.77079797144236
-4.73563348085451,13.483690541572162
-18.73298662785673,285.99284148803207
-8.978717439675819,54.70249710283542
-4.966124981469008,14.797897405694524
-18.99908998115364,294.9690601873581
-7.180319601369764,32.835711172335785
19.568421321051638,471.19679828239487
16.544905563123024,349.91352234515125
-27.534238123069713,657.9973165256267
-13.69218922160471,142.70728879380937
-1.3927351414669538,6.368770608409161
-27.798856852608807,671.5810149014005
-26.14132803206292,588.8037191516669
12.0492497560125,203.3814187068173
25.114163526808063,741.1778637584887
-16.524837026909776,216.9708906582892
1.6403218407162683,19.251943103995877
-25.502286917934086,558.3574903728957
21.237487880434117,545.9808429933224
-10.14370328070402,72.31990312414942
9.443355106595185,136.9503760956381
-1.7078643639206774,6.085343229867471
-19.043020928167074,296.46456235794085
11.316078834509291,183.3179555268663
27.960330959233538,903.6214311868076
-20.274504786579783,339.9575251947274
-2.210432260580358,6.04428173629296
-25.100014469476303,539.6106684900146
-10.600024852892084,79.96042747036151
-14.78559371737199,169.4714067057021
12.780993926253771,224.47778144795086
-8.815311119535384,52.44846565606265
5.2056116879559795,57.92083979760782
-5.700348823683111,19.69258141693298
-18.074705077172947,264.3961433180897
1.6671403238271871,19.447918154639368
7.3096137643871515,92.66890844206671
-15.87341832894271,198.47173612984355
0.9810146343402373,14.886448250150659
16.06847605347552,332.46982689501834
20.521129939512782,513.201293752419
12.337329895108937,211.55902852118444
-2.1179341226313007,6.013908457280815
-10.091782399827252,71.4769424061541
10.996976334872834,174.92139384924445
-0.7385787279922269,7.591183625473708
-27.651293588240545,663.9888627501105
-17.192512901537047,236.81244826336962
6.921844989923869,85.59931802422965
-8.750051811098182,51.563199452509835
-2.656546635329274,6.431053484362191
28.068513953182396,910.1155313527245
8.35536320608891,113.23354713001999
15.420324052972184,309.4676901105612
-5.148034603421788,15.910121864340976
6.805041810296714,83.52876128107323
-24.810610085218045,526.3239324598512
17.856721104487008,400.28937302137973
-27.767074861470515,669.9421469166258
0.9575339514840877,14.74700707418108
18.934973891238897,444.2731318268543
-11.871761184485262,103.45166888350987
23.040721430979886,633.0377297839353
-18.4021130128277,275.02931128557185
17.894963795990257,401.80958444376313
0.3352542111076353,11.453412230495944
29.415168883891234,992.912836003408
14.897135602754922,291.51319157788794
-19.38238552171456,308.147326425512
17.7184690623747,394.81802216382823
0.4729469660444465,12.115466696868433
10.815077815055723,170.22621940593336
11.776139045345545,195.78200699669407
-22.157555662083965,412.32705027001333
13.792619793934804,255.40683995578138
-9.928785610059698,68.86564125028974
22.27369843693569,595.2124358072941
-2.8386877224437264,6.703397095777845
9.45192628112165,137.14661554824477
24.485235587468516,707.4677041237087
-19.31882586106478,305.94172920588625
24.612683686301025,714.2349329871126
11.210061438151925,180.5057231997485
26.156290700395623,798.776706005185
9.035576261743763,127.78394342876246
-0.8407455585295551,7.343870860068953
-29.49351617993109,761.8934319361326
17.21805905653128,375.33379390032405
-14.77449466631903,169.18771397981337
24.661574314317782,716.8395449178897
-1.7961253965205373,6.041564853943909
20.45405151999787,510.18442966271857
4.695642453454909,50.83162786450767
-11.768047599486234,101.41475390582879
17.098414319665096,370.7494295255888
-13.512537173591138,138.53851217331783
3.890344763465208,40.696161432482
5.339782961410812,59.87241392061647
20.51070064994503,512.7316437514355
-9.804336641049922,66.90767040683437
26.663155381671984,827.5764764338717
-11.994268952451748,105.88541189394095
-11.912343749116946,104.2545586006578
-20.85262969783755,361.4216465237863
-11.345836317503732,93.34465647357172
22.391563619669142,600.9483758123672
10.750364437354342,168.5717932853503
-23.473477229170047,467.11022431168453
-16.612426720951863,219.52301467518805
-26.595318185981746,610.9296766696845
2.0539782354852534,22.43473953378813
-25.984964210016088,581.2785081557527
-12.20673063683861,110.17735029297991
27.50174906066644,876.3531976385333
-13.216963481706749,131.82026974994278
-27.24951462637029,643.5379888672871
-25.74043264888678,569.6081423563294
-25.228652812538346,545.5703114854456
-7.081328399667065,31.819898305263052
-0.4326109889815335,8.456708311861446
-25.42179482171273,554.5804726704093
3.3975902319226847,35.13398031174718
19.79769681520971,481.1395864478036
12.212176628645118,207.9859645238065
23.35338275898288,648.7940173234905
1.1996231590444886,16.237588359893834
-27.277182308760374,644.9359454703083
-8.472416938898892,47.89218103094531
-28.504904080443822,708.5099403135275
25.654248527862002,770.7574616407577
27.614402626805663,883.0128429425541
-10.297742499516069,74.85253058827517
1.8080882138863963,20.501535844740484
13.45860011298354,244.9683174531347
9.024641280099836,127.54271535488134
28.809493261887674,955.224875054302
-7.300253600184089,34.09268822626439
13.97559660615947,261.219686922734
-19.001165227874374,295.0396191054847
20.050664158558966,492.23178983355695
-2.1198941883464535,6.014374616399255
22.541781042598025,608.2990167428238
-17.95112387618221,260.4383529133101
-1.3875340216172418,6.375114574676349
-20.607896902966704,352.25382715143786
-16.07438092738355,204.0881984890979
1.27536038704109,16.72798566499796
-18.106348142268843,265.414450479967
22.80027605575524,621.0536924416667
3.470346689448114,35.924692902755936
-23.676853371753086,475.8859721004832
-25.36427467717276,551.8893311903762
4.1617936293062385,43.967700730158946
18.352026603665273,420.204986876299
9.326107327755132,134.2807071998285
9.951227131547284,148.83182994983193
-26.772153735680966,619.6596007042124
7.113157337141075,89.04963665148821
23.859794624666307,674.7289780299204
-16.037773242219373,203.05907759997024
-3.594697432687944,8.54305990182152
-27.641898408654743,663.5069539997706
-27.362368739259566,649.2497480661709
11.407832072325114,185.76996087966995
-26.419360697121657,602.30517685613
-25.222086216812436,545.26528826107
-2.1392944455377503,6.01940294255767
-13.165569869898526,130.6699505195858
23.4241700496326,652.3884227126354
-23.2785138962413,458.77515363253417
23.828130120218816,673.0923055069544
27.63862789545584,884.4482635252931
21.204943258833154,544.4693916456663
-28.987876624507358,734.3454846996307
13.60660963687232,249.566264357716
26.126460521811637,797.0977814850285
-23.60904121087212,472.95066205316965
9.16522755223017,130.66230629307972
-3.142995310697515,7.306438280276508
20.839748148585485,527.6540954908141
-16.75794430401705,223.79692008046933
-27.44781924299462,653.5915042241272
-25.796886007219808,572.291783640614
-14.93574760207532,173.33356602459742
-18.937148420429118,292.86699661564455
-9.662331393450245,64.71132238305317
-24.688743488731266,520.7790810974454
1.3497284017306903,17.220680365361247
28.36291864168912,927.9068284418327
-1.3419798268559617,6.43299054826451
-12.012657123704926,106.253302676879
29.455775100966747,995.4657872025996
-4.012091466986021,10.048512071517958
23.538434148358405,658.2116187500387
4.339736174320734,46.1922547599909
28.18052007657142,916.8637920923304
9.799825222686422,145.2358752859467
-0.903538282253443,7.20222829848373
2.4791111303365767,26.062436517905006
-17.597738025950555,249.2894315261839
-17.858545682908357,257.49347117689126
-23.42004490249869,464.8183236250602
26.902351856101554,841.3459428138968
24.387462476799058,702.2981759644783
-10.489275106947353,78.06779184143599
11.904715656047472,199.3411174755317
16.916109958648462,363.81921596767955
6.042267260316407,70.67806268635718
7.636647232670434,98.86496988693473
25.89428038281246,784.0908780749561
4.228819339923163,44.79819036940083
10.29466406605222,157.1587644970757
-2.781218687266655,6.610302637334636
-14.245752051054394,155.9584432959029
-1.5677456110606478,6.186843856757333
11.71311561508142,194.0495398725899
6.242305907252479,73.93560666872912
-14.868379075224151,171.59518002366679
2.383236030921992,25.21275810277278
29.48885268498082,997.5478434164238
9.529819908695053,138.93674712694082
-18.459336588301554,276.90976092700225
-26.285066881984168,595.7644734624442
-11.64134907874173,98.95561205815399
5.338130541544103,59.848159844742355
2.0106398946640383,22.085232364670766
-3.4791059178056614,8.187754316087728
10.032326775594115,150.77688763467904
-20.231533425784086,338.3888110554824
-3.239788324857777,7.537075090453653
-29.624284515455315,769.1010949908243
-22.30263302052472,418.1969075661007
-16.487825027372757,215.89707402376845
-20.778260592131602,358.6230708660027
-20.629141741247718,353.04492201549806
26.784037942513862,834.5208402760777
-20.820714114009064,360.21927976126
-16.000178117270714,202.00498731530578
-24.579490373059595,515.833385507091
-8.568372415146538,49.14351618405796
6.596470409048635,79.8993034936488
-12.803402315542709,122.71350159147356
-16.0069701469777,202.19521269832447
15.997281100790389,329.90212702086694
-24.015668601390587,490.68966396625535
28.634535939829057,944.4747922486781
-12.102384547288253,108.05817354128848
-20.96021064931574,365.489587866426
-25.787317186674848,571.8364589394766
20.448367050967697,509.92918325497214
-4.64738861433991,13.00866647533659
-1.4997555269902527,6.2502445327768
-26.972293044441653,629.615419897469
-3.397030835078148,7.951695154159147
17.529098874215293,387.385702838877
-25.799442317162733,572.4134546079562
-28.14875513538333,689.757395130236
-8.137205613131858,43.665292737857186
18.7393894065374,436.12227295599564
8.966168249394485,126.2568460740277
-27.00324596604159,631.162308838375
11.556220113525157,189.77110376634403
18.59890070064756,430.31471007513863
-11.432096721976816,94.9644485727258
29.375635363659697,990.430494473333
9.255413511367394,132.68433331187168
22.08019524663237,585.8558031159362
26.4209345313678,813.7495196362946
27.369376589939094,868.5602812816625
-8.192869568518123,44.35163349267785
26.577860606776596,822.6941168603536
1.3507536472919845,17.227550004840538
17.578911903377602,389.33379132022117
9.581297269174392,140.12644643698624
-27.614598590693042,662.107660962334
-12.783984528835234,122.29432231815767
22.630714235385412,612.6720837452176
1.4051965197887135,17.595363338381166
1.6900947953306868,19.616799598526626
24.373635407449036,701.5686446050495
10.958877507217757,173.9325062470743
5.381467124208328,60.486056905768365
7.494216140697233,96.14014012627587
27.836813930478563,896.2354655219997
19.599293439283095,472.52947707625776
8.061881311879489,107.24145553434971
11.403813267139427,185.66221010034292
1.0551702186676657,15.334065065033833
-12.476508823812662,115.75723713542455
5.011307619165947,55.15843453057447
4.276435730015699,45.3936454730177
-4.695162949143242,13.263903322434498
0.24539291589604062,11.041789346756124
-6.717640513803957,28.25613201748446
3.2419859111911933,33.47841629312697
28.883660108402673,959.8004616913425
-2.6720743965287177,6.45168399446944
20.16609010424783,497.3355505096335
23.077074667070377,634.8596738578228
21.090448587442538,539.168815969327
23.662647438382642,664.5714735467271
-23.391728754796006,463.60605911876627
10.863701555564653,171.47481771063647
18.106321397771325,410.26416015047704
4.698597785715357,50.87121229479068
26.317006002254608,807.8528289317235
4.504198365437702,48.30459637696248
-23.399075954217704,463.9204516943783
11.261912099865597,181.87831254456154
-8.323117809162262,45.981818828544974
15.490182939876114,311.9064992703335
-1.31411185387811,6.470442548990523
20.11210923386153,494.9453747702244
27.463842930445992,874.1180402299923
-15.969435495859654,201.14512807298365
-21.459022408029632,384.6535530761994
-29.179556032920072,744.7282661466419
29.60542280902584,1004.9027509372908
21.02391810001513,536.1008046762043
5.087120274066841,56.22727377908925
29.856895554218163,1020.861794352365
-24.69774251146819,521.1875151169102
17.039112737182634,368.48781381915
-28.70213174467881,719.0038397101838
8.223252351604813,110.51488864459334
1.1277572870462933,15.782865646671189
10.0359213188975,150.86340199469134
28.124798286809366,913.5034718209524
-3.440066442923225,8.07379136003355
-5.784438846873723,20.32197738572691
23.765430006798333,669.8573834352239
-15.64015047931713,192.05370509841535
29.269377184392468,983.7739494998043
-27.151737310990242,638.6098897610586
17.894690088531107,401.79869371869785
-6.710675270961968,28.190461508452607
0.6407603312331496,12.973615127014615
9.059879854937222,128.32094240564618
5.763796445361521,66.27653524500819
-3.5070266210015717,8.271129236407415
-1.3995921392363968,6.360489599266726
-27.511632897501894,656.8434130969008
-2.2747947692761414,6.075512165221528
-13.008276082301688,127.1821423041754
11.513330347294342,188.61009707510624
14.597937042459051,281.49151406543433
27.293247300996065,864.0943374373132
-6.833486078119503,29.362587667375053
15.452253114360254,310.58113876769715
24.280575523410448,696.6686498416803
-8.654392808606147,50.28094365122921
-5.628778243557104,19.16803154091338
-13.51645240003429,138.62867588225555
6.157166188413818,72.53936022540162
-22.39619037502984,422.0045818144598
-28.95014420746342,732.3102728030742
-2.8544069131041248,6.73001117316012
12.283932190369264,210.03071881906726
20.02879042727107,491.2676076886295
-18.513082648319994,278.68189855024684
29.687152906263726,1010.0756593049377
14.085658274729994,264.7484021313895
19.970984207842527,488.72414706126574
-29.45196138491746,759.6101838789994
1.9400277756685327,21.523818873039524
-12.721933531306014,120.95985864974426
-17.402307631848398,243.2310803860954
-10.381838828505884,76.2552221470489
-14.536061029134544,163.15282612618583
-22.57606165920334,429.37431340333774
-0.17115882802455928,9.344660032312504
-24.865764804375402,528.8432000890128
10.777253301180167,169.25820192251948
-10.377120720599994,76.17615156750576
17.4849224164524,385.6622015751692
29.68151651943976,1009.7184889715344
14.84244037865264,289.66779790846886
-0.2563815094969115,9.04020544042427
-11.236348740635616,91.31013805864114
4.036374040673628,42.43781155891847
19.383923695895675,463.2721926318885
-19.684505040072466,318.7417185123484
4.589253451928634,49.418261053753426
-13.912324953936093,147.90348580816854
-28.143922191993386,689.5046675810042
3.4999171678626766,36.24908885335061
9.052782596136126,128.16400311744962
28.009599483237594,906.5760611443341
-3.0993882726218125,7.208654573978373
-22.053368013859135,408.1375686992686
9.993668698788781,149.84808885630576
21.446645150435387,555.7451688104352
14.505162373809789,278.4203849858264
21.056088966781367,537.5832384441375
-11.576273739266618,97.70501872936745
3.027768794972772,31.27845905570196
-16.485076152610972,215.8174311469391
6.750700365678469,82.5747568898853
-11.054766783246013,87.98880149897535
-5.543455335018301,18.55607571126966
-13.658594052417893,141.92281527907386
-8.36034355837889,46.45397018061185
8.76667383362738,121.92126543971649
-17.466608710725055,245.21598501067615
1.7164982826854178,19.812359485203658
6.919394010197237,85.55558950914235
-27.590882757593164,660.8932803128791
-15.334328984690073,183.80432947194578
-3.781856469660557,9.175012478471183
-25.119761786921195,540.5233850839816
-26.52659683991897,607.5539525479232
-2.2135327592573653,6.045596239276064
21.150282755424463,541.9355916561033
16.015035498927233,330.54150402760837
-6.3110411598910545,24.585075882274808
-9.19199193607151,57.72474800851762
27.975900496901772,904.5546106001559
-25.63550976580748,564.6373218895808
0.3424769678687163,11.487198344995415
27.61140236935953,882.8351502801113
-1.4491399676641876,6.303446775225012
25.66169568903411,771.1694083927283
5.560764528347647,63.16516025312002
16.25790780773196,339.3511975156397
4.7365229800665105,51.38074186096418
-7.163722887762326,32.664034061600496
4.313531513409998,45.86068017082114
-21.87972652119614,401.20352655754914
-22.080042377835525,409.20810189567055
23.654543067181883,664.1555799858901
-2.005441732382806,6.000029612451326
14.669153793252775,283.8606881831134
-3.7162564197282073,8.945536098258284
-11.505479931888651,96.35414873553788
-1.784783351048624,6.04631820598586
0.3851590927490456,11.68898389772345
11.443855616902958,186.7372538481332
-3.418573341388935,8.01235032489937
-15.703553874272377,193.78738878508545
16.835196763029664,360.76463710204314
4.868202946331124,53.17221171199153
16.23977846188476,338.68951833863525
25.24559548700182,748.3224734413341
-14.691893891382549,167.08417055011364
2.9379748634654916,30.38359575221704
-5.527256314802639,18.44153711031509
4.8311640057135605,52.66480167295654
11.266164658152334,181.99112473721004
27.972194470746814,904.3324413922659
25.863861878907827,782.3947988068528
27.273288053129342,862.925393441485
10.642044056782808,165.82127793363753
9.764024078227685,144.39226251312073
-12.818909020646316,123.04879239702223
1.7503900854920609,20.06542579335715
15.486806451921431,311.788399886961
-3.36794707140794,7.87127919017356
-24.424328202042645,508.85049531292515
29.14965086913628,976.3007492690826
-27.697403846331383,666.356564441447
19.69979484795413,476.88109644329666
11.057501971780454,176.49835774305043
-18.32716188081093,272.5762150822055
-10.48196211242416,77.94368127659892
28.760694750829693,952.2203415537214
19.397010793357644,463.8320708910635
-0.6493141819699098,7.824352179027614
-20.94663081073557,364.9748190783144
-6.082766287158417,22.668980555557326
28.631803234729055,944.3073694111574
-18.43611453418018,276.145860980689
21.089076731375144,539.1054643073292
24.787718636155844,723.5818697298512
19.374321051430805,462.8616004096381
-2.6241317786862943,6.3895404771661175
23.674987733924453,665.2049951371712
24.98302397141059,734.0835826417185
-26.204573325476392,591.8613698683633
20.474816280764202,511.11736685410364
24.356384710124274,700.6590149880726
27.413147545247718,871.1332485185118
-9.753855139706598,66.12226952755442
-15.589736258394586,190.68093157272446
-22.203354283280365,414.1755242957431
12.174065331405487,206.90412801895093
16.961698977635386,365.5460281184588
-11.54437836373565,97.09515835014518
-2.7134100089442157,6.5089538408617855
27.779617155822187,892.8255979473391
-8.2544729618029,45.11843202992354
4.8384351844858315,52.76419577241377
26.05571745960075,793.1232821729463
-21.74244233880703,395.7640295011204
17.536614625293822,387.67931101724446
15.928972424867823,327.44805221167076
-16.001566933286686,202.04387658730712
-18.773492336921684,287.35004517677044
-18.953357690129387,293.41633696946917
-11.04681586031036,87.84487721036308
14.469228245830351,277.2354790132563
29.91029648111448,1024.267021512627
-18.946867153545746,293.19630631992766
0.013523042063226853,10.054275040919551
4.362332364429065,46.47927311546154
16.477615973851655,347.42229207713785
-1.3259541157020394,6.45433785413902
-8.858274360118234,53.03592719865517
-24.6665022441508,519.7703239840932
5.235071914344303,58.346265605733734
-18.53655472046882,279.45764202305963
-16.41621672993898,213.82730480457258
-8.163432954403767,43.98790578343035
-18.360486970956835,273.6655339268483
5.109135469628349,56.53980712552789
-6.245433058229036,24.023701851903944
18.421842104408462,423.0516349373902
-28.302751604477578,697.8347419668478
24.112298936145265,687.8521557306132
1.9955673571281132,21.964558505347735
12.012663145145382,202.35472841931568
-6.1389421083750975,23.130841776480494
-28.69885284615115,718.8287433004335
-8.242928498056404,44.97415623184479
10.77324661246729,169.15582902290708
5.697197012289074,65.24684184599184
-9.37671992677225,60.41599687803878
-0.5591216924888833,8.0761302970561
26.833746815745272,837.3849554345006
-11.694490499773348,99.98314605019571
-9.08276082106973,56.16550084848035
-11.636240467782024,98.85713035291991
21.611243663067583,563.4908273167491
28.850849198228502,957.7748962518363
20.144628349874075,496.38456475404666
-7.783615868422203,39.45021251346511
13.671649987223013,251.60061332202707
29.858756747795695,1020.9803815152178
11.593050539467427,190.77102296851572
-3.9468432414141397,9.790198606639914
-9.322196928220585,59.614567855642974
-16.04938234216568,203.38514419635678
-11.465359252206525,95.59302577333168
-2.8381275510065045,6.70245779175616
-7.322356750977651,34.32748138467738
12.385242661657017,212.93520643475705
-2.735087392022699,6.5403534739107325
-28.478722980459036,707.1227706758895
29.452891351821236,995.2843743894712
-8.364954639256851,46.512647559797315
16.314768010740302,341.4307272872363
9.668225804547248,142.14749342590227
5.93647509129584,68.98763687475932
11.858930640214595,198.06995849027894
-8.249325486035762,45.0540690304161
-11.013888065831207,87.25017806333426
-29.275094555201456,749.93078299518
-26.78401136772643,620.2472194755928
-3.1110056128440142,7.2343334717709045
22.125349345053728,588.0324810208843
6.245457201660699,73.98756446441828
-11.654398518045273,99.20741074523475
-23.6114760319616,473.0558962800507
24.306548924590395,698.0345163218681
-3.507886818776587,8.273722658240176
15.66003610897905,317.8768753704439
24.14729519173506,689.6810458437315
18.71234504591341,435.00123730097374
20.40447230349691,507.9603791981601
-16.702861456326374,222.1741350039277
-18.50458684219342,278.4013868315041
17.277312118527746,377.6147625151367
13.744826642502943,253.8995660024705
0.21098314469761448,10.888446466136953
13.177120235576652,236.3449786451503
27.139745521191543,855.1247690398026
-6.124383459750057,23.010538923059848
-7.619665357712748,37.580638732676746
-14.744723457349222,168.4279760043075
-19.809775074606208,323.1880882080645
15.392849961058253,308.51122976788406
5.592445979057153,63.64523594490113
-6.464104067421893,25.928225124772688
24.10660326678004,687.5547341290503
6.342160629727047,75.59164397216796
-13.09946666287615,129.19816020029901
19.047086815469356,448.979863417904
23.680979950865755,665.5127312367688
28.110138958896023,912.6204681240281
18.016373782205164,406.6552193889503
-5.56091699427099,18.68012984008794
-5.906681881256887,21.26216332134085
-5.941516377920614,21.535551357416438
-15.88591863703627,198.8187363943912
-7.788000075377113,39.50094487256546
13.272747190699306,239.25680675101356
-19.42306390697282,309.5631559064591
7.334054026077332,93.12456456173047
29.22183742577191,980.8031322413315
-15.82205706376988,197.04926147411084
-9.021039303978139,55.294992908005824
-13.199536622331248,131.42962055493882
-15.39750354365359,185.4931012022105
-3.6667120553717822,8.77792907552163
25.977073625693656,788.7166486574836
17.955008838714136,404.2023777531593
22.5900400976482,610.6700720039462
22.99086604380617,630.5433856194643
1.0226735544637577,15.136555416854566
-15.708940164185933,193.93504042523023
-27.848196597091672,674.1292673219016
18.666841652949167,433.1183439080746
21.485930539487526,557.5889333056328
-25.60523846918128,563.2072831869158
3.794730575988247,39.57890244829308
-4.419175761951351,11.852411367212898
11.586837513233789,190.60215361101692
0.15307478995295298,10.635731051130954
-8.318394978857611,45.92211510885308
18.231224435620952,415.30244216446636
5.932960476271383,68.93186191808388
28.94191532280815,963.4021238438297
7.92258568376414,104.45770665164108
9.182547352366342,131.04936528791546
14.967736198238228,293.90407169300386
16.92440530354572,364.1331160928693
4.2479922716008005,45.03740742598333
-23.466358780448125,466.80455929092227
26.129827394504154,797.2871892445964
-14.596703007859304,164.67692666821165
-25.742269601775615,569.6953658433985
16.665692631778732,354.40808142403887
25.823918580473304,780.1704451728076
-11.652153105311804,99.16405956838031
5.797082607400434,66.79449718662634
-12.640152342455679,119.21284187066507
-13.497058150953073,138.1823461263965
25.593182674640516,767.3837301160816
27.713054257047382,888.8655932822415
-29.540675253739742,764.4887934319526
-6.899883974307386,30.008862961674346
-24.36090161793554,506.0099211669922
2.905904921251583,30.067903096360503
-29.10586989031693,740.72818251079
18.59576104890502,430.18537318359313
0.6545669669816299,13.04672578219005
13.736737764724005,253.64491547569065
-15.60936435935524,191.21479826568867
8.547185332017968,117.24311842793496
-16.375209133699485,212.6466376375971
-18.59021319133098,281.23517373381253
-16.752220836426147,223.62801960668577
-1.0510038755102968,6.900593644296476
-13.068622460102507,128.51440316428568
8.570135397090183,117.72776231281885
11.691683752779028,193.4622039861132
16.53030229476171,349.3721031352511
9.584378889941881,140.1978342657311
15.444351021632613,310.3053825659348
11.380277517219106,185.03182643779908
2.166334817067252,23.35834580790681
1.3325360933552552,17.105796813515507
0.9917706349509849,14.95069153215502
9.720342573057899,143.36643002983345
22.414272441582796,602.0566988518292
-23.284859739511823,459.0452541306913
-23.51401046228756,468.85264617141854
24.793222762233455,723.8767859866649
-21.135879486748998,372.18188373138105
4.913091758133824,53.7908376563778
14.170650785547224,267.48994682811906
17.108365225083233,371.1296215751702
-13.809572279186185,145.46599741732277
4.447198349779697,47.56636656140205
10.018730810726318,150.4498903007021
-7.974469684090689,41.6942880061187
11.068122808375115,176.77583373477393
18.159884069202207,412.4209256836729
13.26376837716986,238.98262507189062
-27.76482701333181,669.8263110269127
0.6083439749957478,12.803458291896618
24.11037033052174,687.7514387969899
17.795672497360208,397.8686496227433
14.19026473034868,268.1246720387724
-13.181434041456399,131.02446722343998
-6.025395791833176,22.203811280908248
21.56576529772353,561.3452940673906
-28.629004394329453,715.1038750332173
4.957773222214435,54.41060821176424
0.051248659613854386,10.207621063567634
29.60006608047145,1004.5641762901623
2.377848426928523,25.165556849160545
9.52570596051789,138.8418978883176
-11.462775865984316,95.54412708985522
22.968847657589272,629.4433533479013
-9.766339612403016,66.31603097518023
16.141143912261512,335.10110244538294
9.230639419108762,132.1272617620396
12.1020705007125,204.8683924070657
-25.513817535019296,558.899615070181
-21.069466804251363,369.6445641984447
-10.929550447154991,85.7368711882859
-10.148487011838,72.39784058209258
-4.971290631344775,14.828568015917234
21.125478247913648,540.7877441947273
10.13040725720019,153.14678022553505
-7.047938807712114,31.481686206406003
4.879319681652561,53.32503928237229
-11.189323224036688,90.44366131582002
12.063621641116157,203.7854536644707
-1.3837792157343785,6.379728054960937
4.22023609420939,44.69133706770529
13.65672213569502,251.1329480343624
-27.127941657513855,637.4134519434202
-4.449700235560819,12.00103124410673
-22.499823963331977,426.24278252759996
-15.18151490342605,179.7523351492431
10.668722036245292,166.49651803164704
-20.59694033432455,351.8461897984273
4.85380019304705,52.97457708621178
22.586622158126943,610.5019891464988
17.893475312864325,401.7503600235424
-28.25308754255306,695.2246055169547
8.71577064585906,120.82774053465468
-5.886977494653991,21.10859404394661
-16.662630973539407,220.99274706619718
10.345895005304499,158.42112348200257
-9.562481564155444,63.19112740819098
0.7665884707571529,13.654011766526402
26.923351407735986,842.5602566553832
-0.575663247492237,8.028735184544361
-9.764267833031724,66.28385498305114
-19.558252604732367,314.2922345315909
8.537912401091916,117.04759777308678
-16.449355611351997,214.78387758330948
0.768249156592006,13.663203392972353
-19.241123768514278,303.256348801228
-28.05620693929412,684.925920063319
-28.375894021632877,701.6877854404089
-25.178134430163944,543.2259156627513
-16.67396069938733,221.32512260716388
2.6659603754341603,27.77118622512169
4.789099876673063,52.0918771354422
-8.403685362462017,47.007186221410294
9.160161080132092,130.5491953344951
-28.411358721004987,703.5598694896062
10.496250277249786,162.15627099166534
21.07489512054955,538.4507848243613
18.694000292191348,434.2416480932156
22.37376191074994,600.0802696819246
3.397283920405215,35.13067371746469
12.254266419505228,209.1841111582344
8.952719791248974,125.96207082561696
-27.31219058477979,646.7069922002146
28.13268146122759,913.978492043809
-18.317955402152872,272.2756685066501
-11.206223568401988,90.75455239140024
25.959144337116392,787.7137520637076
5.748807385955828,66.0440159046436
1.5710917968674138,18.752696621653733
12.76315041066428,223.95061004789693
-5.96446396491908,21.716974529141915
-25.983045859605625,581.1864887039465
-1.3833545186621272,6.380251649654417
-6.937707594967641,30.380956293401127
-27.31547960559941,646.8735076615196
-19.108363172096375,298.69609042834355
-9.366795439713538,60.26967505058418
20.67267912564357,520.0503787343937
25.873857053191358,782.9519070217456
-6.551437119267732,26.715579850648147
-10.414556581491329,76.80476246311905
13.904659409864713,258.9581909437982
4.236400426174136,44.89269027558494
6.305145988285837,74.97544988674034
-6.480756051689088,26.077174794748387
20.43887246025814,509.50299728773115
-4.765098609509121,13.645770320309271
28.50241801473362,936.3975047455461
8.309322383444567,112.28212800579117
-1.5526292705380804,6.20014056957929
-23.902720572046555,485.72916845715133
7.191345174040947,90.48082610836582
3.847495864544257,40.193207885862186
-10.644745542865056,80.73162550088526
-7.305572346121778,34.149097919932146
15.845169379222526,324.4500701731413
-24.684888085262813,520.6041474408987
11.765103958880125,195.47808699877731
18.837373460813296,440.1961327454063
-7.493303276787092,36.1763808907598
19.109924391153207,451.62890780020507
-0.2686817380528943,8.997462924151547
2.0116279009552542,22.09315841572266
-1.5437201765910267,6.208191277250124
7.152971337848491,89.77688431147601
11.185593298047273,179.85987062150917
7.85876481918563,103.19524376001227
17.871268683406164,400.8673190881185
9.981587749568895,149.55844500061943
-18.711793034467686,285.28402642688263
-26.50360111047742,606.4264673813902
29.249788094122025,982.5492559275306
29.392371147223436,991.4809662450265
7.645623314909201,99.03804913311997
-5.205713478352077,16.276598905288175
-7.314066288934427,34.239300523189314
28.55301119508625,939.4864930870656
17.36878466521511,381.149819407472
-19.05102659169187,296.73750783058324
-15.761274716090766,195.37268181171896
24.28050724444183,696.6650610251594
18.94083381544857,444.51852088623434
7.480000032376886,95.87040061386575
13.199407329046927,237.02198315428544
-1.0806766646414943,6.845155394934688
8.634605889768423,119.09484243069723
-22.030350523532512,407.2149420955792
-6.2032884337114105,23.66763365697212
-6.973453440119602,30.73523912103751
-18.43206745993937,276.0128410079982
-26.21164121667651,592.2035704050688
17.995390585725694,405.81564467572775
-7.431215855336035,35.49810566725353
-28.943364912940854,731.9449128318923
-22.72341617387178,435.4599779154904
-27.85411113353629,674.4350625052451
-6.167520356443902,23.368225921374304
19.224941802855085,456.49815453458524
-16.153541001695363,206.32272288667178
0.840838801461377,14.070365095888512
6.11144763684387,71.79558276526001
8.407696066992663,114.32013742289456
-18.460099292287182,276.934868711953
-5.835208328640189,20.70882292407107
-8.156880681941395,43.907179731663135
-28.24752948925554,694.9328042893392
17.264107954792344,377.1058552938937
23.591863040402707,660.9434538787301
27.436251622958153,872.4929096101066
-28.580903026250905,712.5444056909546
-23.36673166271099,462.53722194629637
10.494846674438115,162.12119341771722
20.654793297399316,519.239659347889
-10.648428762589365,80.79532006158301
-13.380107996528167,135.50685801264433
-24.91698237509096,531.1880811802297
7.7940469357235145,101.92335537915517
-21.323512333814804,379.39812891509285
-17.8652500283864,257.70615846321465
-14.660023277535537,166.27618938774162
-28.089203474344178,686.6465379257323
-19.50058508280764,312.2704782405892
-28.934025347974984,731.4417214453589
-4.116979951687082,10.481604115845037
17.50269586342337,386.355145941191
-13.039669765264065,127.87430852608554
26.73500432941681,831.7004738116029
-18.59632912436298,281.4381404041789
25.300617578857278,751.323720187011
1.2946074429217056,16.8544382029551
-23.666715755359427,475.4465716235404
9.11820998646568,129.61459330314517
8.028466901282137,106.57014839011134
20.285846584046183,502.65895796764295
7.069260443053992,88.25148498394388
28.494470949369514,935.9127584819413
26.071788543352184,794.0253120226789
-24.93762939039513,532.1348420511185
20.946302552310335,532.5328008221638
-22.24400953605407,415.8199220958481
20.63821779744623,518.4889050446113
-20.306107559251906,341.1135739708998
-20.285326252783527,340.35315617073445
15.448543179118637,310.4516590735675
-6.520760794368744,26.437278159901517
-26.534982409499438,607.9653618344469
-16.722589137378563,222.75463090805727
-3.4329422165950945,8.053323396100463
4.394241473883696,46.886324026334336
-11.161610455294099,89.93510613455415
-2.5038438918146397,6.253858667318922
-9.926737759765278,68.83317151208865
-22.363101558599173,420.6559050858241
27.88761960166191,899.2698054536452
12.296946178248334,210.40267002372963
16.472820594649434,347.24510072210427
16.125411261303185,334.5305333913763
10.760548856810331,168.83160712704347
-27.368151517682964,649.5431114241204
29.701899844394646,1011.0104537440293
-28.014615131356383,682.7602004325964
21.083841609466845,538.8637434509528
-0.1373837344244393,9.469339352786648
-16.532437860390797,217.19175016611985
-12.993243422624538,126.85140094907766
13.60039388537141,249.37228937873368
24.129785456744557,688.7656880154993
11.430765949205558,186.38547398233948
11.510598555221542,188.5362733203544
-10.046288570042975,70.74275975240423
-14.693849567223285,167.1338168352948
-5.140202598816892,15.860872361616359
7.41338173931824,94.61175577013009
-14.213457575639087,155.1685459519358
23.529039448234208,657.7318551494984
-4.211134157286409,10.889114261518678
26.248841227161407,803.9970306773739
7.391968544724811,94.20907314510029
8.08912172651823,107.79037721250218
2.7709486907599796,28.761951409864363
28.78977791627372,954.0104241334569
3.838677491505898,40.09015484981761
-22.515255575509542,426.87571132847535
-5.086242392799253,15.52489210711126
-8.231325206099417,44.82941382416993
-4.301117080310824,11.295139817298214
-13.020736622185101,127.45663569557188
3.8874461350713787,40.66202199336691
-14.821832631468606,170.39939202939314
25.70043622786219,773.3141672138601
-4.05097561978279,10.206500992943397
-17.722955864085016,253.2113411039654
-23.834605009734126,482.7499759311065
14.367571340474676,273.897391585528
-21.494152980543838,386.02200042884624
22.870679653617515,624.5507064328642
5.89175675705841,68.27982471257707
-10.814860819917875,83.70177127452324
-6.343733518998135,24.868020884067924
-7.904532827556274,40.86350791168969
6.565999241342361,79.3763430026779
11.529791966712821,189.0552706625268
-13.907596279639357,147.79084915888106
14.622579915759502,282.31016305581113
6.007965944100789,70.12751856187805
25.06288089426983,738.399522297435
1.8848523569850855,21.092077835572574
-4.703299629630294,13.307828887559285
-11.730942440767173,100.69124078552377
21.722890758022487,568.7755459170687
22.17434338867806,590.3988782737226
5.216627581706213,58.07971365304286
0.9769746610367527,14.86237813245489
0.686186586500515,13.215598377495288
19.701491972681225,476.9547538403477
13.623501227785532,250.093790614616
26.511752305501354,818.9200195302617
0.4099361276114486,11.807792139166864
23.102195397633437,636.1202137809693
28.956396194945867,964.298465378459
3.3470069387897396,34.590483203465624
-13.153994954290074,130.4116034403284
-26.010861969532645,582.5214925199491
-11.242269077603925,91.41953770283371
-4.364455256378509,11.590648659415962
-23.565908947917187,471.08842874985453
19.451122427085842,466.15065338182524
24.906465895917236,729.9579070081572
-20.828350414510407,360.5067793315942
-5.5458237477555485,18.572866050147205
-12.057414222552403,107.15158084399934
29.520829013583395,999.5626617035607
2.420594678019249,25.54165730733211
0.8217641876911834,13.962353130936485
18.247535431273214,415.96269104066414
-18.243657345672858,269.8564039636318
-28.885018616456797,728.8042260072286
-8.015903735082585,42.191097749780596
-25.086189107937404,538.9721275274477
-7.67614840213438,38.21866068305268
15.273773587913041,304.3832539664822
-10.130011257490256,72.0970830469183
16.092453163681895,333.336861480023
0.3968047467571232,11.744672994077478
-14.435312658965893,160.6370009262374
-28.99344805657192,734.6462379828465
12.867874110572984,227.0536805678464
24.017696617115163,682.9205372602457
-0.34395630056400606,8.742480734441653
-6.830000406879378,29.328903930454956
10.339202779299455,158.2559252286714
9.376287443185618,135.41991598998277
7.8431948764757,102.88848537627746
16.27107247712061,339.8320894641943
-29.257901980932093,748.9932204021017
12.796507190244377,224.93662503095354
4.502545663004064,48.28310009945296
-21.73715948389476,395.5554644926969
2.195201301508412,23.599713960177873
-21.28317246543991,377.84074033189995
-14.345182524301965,158.40353155833066
8.909800765432351,125.02375274142831
-11.965791339270773,105.31699701788435
-29.89891198753584,784.3492900882709
23.795378518302158,671.4015529024845
22.57147310027358,609.757290317468
-5.917016046087365,21.343014705305897
-19.567252476647006,314.6083595782603
20.094933068260957,494.18606729093153
-11.435382811357059,95.02644879685224
-9.321471267392468,59.60394151925347
4.175096170270102,44.13181271208448
0.5502677776629703,12.503865737786025
-6.956722645671608,30.56909938611374
-13.124259771727175,129.74915546886754
20.27300922998218,502.08694015887136
4.011501006420524,42.13814435019497
-20.328083633063926,341.91864966058574
-4.217567808465748,10.917606985143582
1.0411083823879679,15.248340193430362
17.40105318898594,382.40086484186156
-24.328373154839987,504.556247741779
9.660982040773604,141.97850215524454
12.531814625160784,217.17363630003686
26.171894664410466,799.6556489826389
19.453139756647744,466.23720541826003
-5.199811793135641,16.238795511489926
-20.30732184718276,341.1580332163351
4.629051336634014,49.9443216237292
-11.422622659350068,94.78581778049735
-24.993695378875227,534.710027176508
-6.342746405514362,24.85944634260791
-5.65607238831711,19.366865308614777
11.839655387607934,197.5360612477453
-9.560773052400432,63.16528914990454
-5.4116808389600735,17.63956614692731
9.645744141510782,141.62335660953272
2.3468928632753077,24.8954775647938
16.781372490627213,358.73995263168865
13.865543055448882,257.7154564443023
-21.934120135321614,403.36914556943464
-12.539125112072572,117.07315812791872
-13.175214972144428,130.885429673641
3.6904161858171065,38.38083636780931
27.53841577016862,878.5180062113462
15.979379294160431,329.25807980328483
-13.578328583574958,140.0576927892289
3.394240762954709,35.0978334087222
-22.99283488983214,446.69911671175356
-15.4819884219277,187.76401180899256
22.894645969408153,625.7433979421695
-3.166931515565526,7.3617291620200564
17.044621154539577,368.69759491993636
-20.294146752339863,340.6758053961471
-7.869369669285049,40.44950031472329
7.012467030184098,87.22456197015538
6.66075106471154,81.00860900490208
3.4846507415131356,36.08139375638059
-0.44752342927779765,8.41018350264137
-13.327019108419318,134.30136188249634
-18.646946529616315,283.12082875990467
12.804101187477542,225.16141196907398
7.7958074669330415,101.95784392922113
8.371242572739781,113.56267250261008
-18.466798154350897,277.1554414561341
-15.701310778223798,193.7259170414716
-13.00655300966816,127.14420915463523
24.220478805856054,693.5135088083465
28.455581708023352,933.5424571740866
3.8515293522632703,40.240395760398606
-11.691557110577655,99.92627922758831
3.1975288612297703,33.014306263316435
6.243626813623081,73.95738304228543
21.515128089997262,558.9612490889783
-20.858566843429664,361.64554338810467
-6.2204236987696895,23.81197619713683
-13.818982040077866,145.68833646368319
-26.336188764186673,598.2500835661256
-7.196157783454023,33.00005571054982
-22.337687771891176,419.62154390693183
20.042791228938015,491.8846451625467
27.938160576713365,902.2934587170743
6.168983876197942,72.73229756958195
-24.502053045921674,512.3423912814728
2.9906602414053367,30.906689645143974
-24.407676340291218,508.10395897124687
4.068982141433956,42.83254423304429
0.8194394351222272,13.949238728322344
10.883029626669959,171.9724523616559
25.001390937369692,735.0751125526701
6.604406441371992,80.03581020832382
-23.62362609653738,473.58120556285235
20.65276452324911,519.1477405457736
25.92826028155146,785.9877223540848
-17.43538505802526,244.2511118895095
17.79507915810123,397.8451588754937
-26.843915703987406,623.2201475068321
-2.567633141299307,6.322207383101319
-9.316578706922602,59.53232397459321
4.674228816536754,50.5453302954896
21.247229425619608,546.4336759673942
-22.659199195741618,432.80251140933103
7.032072876206485,87.57834044110487
25.939845384486787,786.6349601090276
8.431897995174708,114.82449578173009
27.320519429409217,865.6928596103634
-20.055862273833057,332.01416245162784
-1.0393705760382872,6.922808890181012
-7.580036760397931,37.13681024739224
-10.782090901721695,83.12512060610297
-19.394771603408827,308.5780791347581
-17.360919797665066,241.95785703029856
-26.674003998216186,614.8064733039884
-12.979767538690787,126.55529520368793
-9.936603599286716,68.98967669221086
17.42505484584494,383.33275576408397
12.595549592748341,219.03006791437627
-22.489333368457608,425.81278188379036
11.4984341715666,188.2077250841169
-22.70299788321126,434.61412135225
-11.125859950607424,89.28131983810053
-9.753005981427187,66.10910174804573
-19.31289543148008,305.73634822136376
-6.761724461579487,28.674019848004455
-25.662085337243823,565.8942825070092
26.910414255122326,841.8120524027802
-8.065122707431627,42.78571345620274
-15.860625900411286,198.11695035115216
26.58773527785216,823.2586083165529
14.617777106068203,282.1505159469645
-9.973510185489275,69.5768646781012
-11.88102229261738,103.63460154720164
21.760759477482708,570.5736909467844
1.6128354676926442,19.052580116617925
-19.949388341466467,328.1805418327723
27.2983313228983,864.3922183063236
10.426522008266893,160.41844922194144
-16.153545000782344,206.3228360891709
1.7830361070624505,20.31136218733822
10.255658805501042,156.20117275685521
-17.31834614857498,240.65172872756196
17.03976540843952,368.5126668084102
-1.4151445514086873,6.342055895746945
-27.47564661760489,655.0085705850835
-25.790937742843614,572.0087186838607
9.302355037693445,133.7432293980744
10.243593878185969,155.90559105395295
14.190008581270682,268.11637786161833
21.092603421124572,539.2683327653343
-7.21308085981984,33.17621205101996
-5.884885173366655,21.092332810244066
27.503054250430353,876.4302101038365
-21.325766583131134,379.48525402566804
-5.949038222804166,21.59490288516829
-7.295772336795572,34.045204643169235
12.160999831021996,206.53391621420502
-1.9502679867139534,6.002473273145483
-11.78885451519912,101.82167271973418
27.658994127889564,885.6559326781877
-13.286495323183058,133.38497668023302
-6.842521860630303,29.450017970682367
-29.23450258709346,747.7181311664003
-2.8536128383403394,6.72865487777945
11.89339840370225,199.02651920399623
-25.469208504016525,556.8037478050015
-0.23139284616022948,9.127971264613214
-0.11627816984340811,9.5484079334085
-29.569757029211285,766.091502649745
-21.63987407629392,391.724653732682
-21.748739554946255,396.0127140090988
-18.867596125306125,290.5157990464422
-14.234387088346761,155.68022742750594
6.975160853189649,86.55351234062795
-16.03910699893154,203.09652532744855
16.602602321581394,352.0568131349055
-8.553564630538627,48.9492093666469
-9.95056288357707,69.21145016571334
-22.41682006097246,422.84654140212746
-22.613551155111296,430.9184912243902
7.656283003307095,99.2438014399575
-10.498513851120343,78.22473767768433
-27.28781508372883,645.4735917088633
-25.84668981415735,574.6646150926359
19.895447584485012,485.4106249249306
29.767075014852182,1015.1470549992457
13.792264935848436,255.39563180402803
-1.0717890808671307,6.861575510397486
-27.71246888802769,667.1310563177918
9.208412041288774,131.62850048730718
-5.856353919587566,20.871465553118384
-29.795766066187255,778.604611206207
29.95308173015799,1026.9994320541564
-3.8499840966173053,9.422441157736948
-10.350572128520138,75.73205487361736
-25.82418675588423,573.5918745792496
-1.9437722158981927,6.0031615637049995
-4.234418167850386,10.992624548819876
18.293387702681656,417.82158445135104
-4.3822710291270575,11.675215256218088
14.43722858820864,276.1824836610234
-18.075306059299105,264.41546490013855
-14.891882256394013,172.20062811272678
23.716209185808438,667.3234148882582
-25.70904973073317,568.1190391343786
27.377505764731225,869.0378449568163
1.4864079611055132,18.155040471259902
21.36251936226939,551.8073109524121
9.878081329082057,147.0888160602878
-5.535997601240943,18.503279035981706
10.974293097632227,174.33228138326723
-5.742977717915469,20.009882196811695
8.666041843898505,119.76444861579381
1.8924143677610203,21.150889610352422
-22.742300486416116,436.2430294687783
2.014784104196302,22.118491403307303
-5.670411409903345,19.47191991794866
-29.047116527829818,737.5465124700049
-3.676865397801606,8.811877562344339
15.345316269627588,306.8599964934075
7.462202228858139,95.53327101980793
-0.1038011217632544,9.595570185826292
22.402734600746548,601.4934559944728
-14.467870255036893,161.44778869643372
5.099167089289409,56.39817336164987
-2.611347073270988,6.373745243997003
22.815574106662332,621.81271824325
21.89591817555845,577.0149054529846
-2.256150969455202,6.06561331915284
-18.89628144873865,291.4843267949899
-18.679257591930746,284.1976338179794
15.630618614203307,316.83871271949215
19.041988035222246,448.76526047443616
8.615279668475665,118.68416243995283
26.673986347561616,828.19749306015
21.17044819035562,542.8696693419541
28.78778349912202,953.8876127888102
-23.0184527614896,447.77535648696977
-6.789737524212953,28.941585550853624
3.902705834303262,40.841936166317765
19.86429566035219,484.04742472329565
15.74824601897162,321.000236749942
-29.060706832751958,738.2818542881486
26.910785753604245,841.8335328908062
-16.22699199335166,208.40730117889223
1.0246225431016711,15.14834152823882
-15.992585056820873,201.79243657236682
-3.9764348294172223,9.906294634933484
-13.030964269417456,127.6821727131646
0.1649183504280849,10.68687146402026
-18.90429911605205,291.7553286049582
-16.57678795561698,218.48274710302024
-12.702396628796151,120.54129360006723
16.42045820747427,345.31328057330614
18.778704987414663,437.754580954011
-26.14185450258341,588.8291388239069
26.882002773709658,840.1700842205723
-27.075733444610382,634.7924077851516
15.923458943026475,327.2503804823557
-26.887211541596802,625.3732983161891
-15.611779207335488,191.28053318925072
-21.304895114649682,378.67897538762514
-0.2868474575634252,8.9348916336569
2.819697926136307,29.22948809920262
-10.526446942528533,78.70029746375418
10.948655569918962,173.66768106839336
-20.206457935693404,337.4751105641733
6.693837760382927,81.58281500386002
0.18180219276668552,10.760260808361517
-19.76069654933234,321.44234191746574
-26.91853175244968,626.9332246978429
3.293535759430924,34.021520836373924
25.52418433165348,763.5807231228389
19.265869452473112,458.23720356962906
-15.021253637530435,175.55304629289958
-12.105072354630707,108.11248729232179
-2.3149048150226257,6.099165042524434
11.368579541629465,184.71891896087388
23.501564831061692,656.3298088328426
-14.291315639761413,157.0764401562435
-11.564255737588077,97.47498781398644
12.493916309998212,216.0736100012322
-27.549852440496252,658.7949597311324
26.844224773615167,837.9893027908349
-16.087275483776153,204.45133055580067
20.566341131658554,515.2397520703846
-22.884009436866005,442.1418501591084
-1.0119602556671623,6.976222536381299
6.703422568875915,81.74956441241864
-10.536528284649084,78.87231515461383
-20.089163480136236,333.2178354110945
-4.654061288169032,13.044041321357462
4.583076313128899,49.33689374447878
-9.706498064476985,65.39011241778752
-24.760499835918914,524.0403527808649
-15.135950457211994,178.553194414328
-27.427937866167017,652.5800241256504
0.8514249884178362,14.130624464573657
-19.375201037437154,307.8976110913572
17.295526455988607,378.31734121375627
-26.094891547328935,586.5637986775433
-2.5368830098516106,6.2882433662673245
-2.838216688372505,6.702607216666168
-0.0597917371502561,9.764408103230421
-21.35440431079587,380.5929662257538
-18.374537027307984,274.1254628586802
-24.897759864561255,530.3074068151122
-11.151268514699819,89.74571542813622
-26.1213117691795,587.8376814659574
-11.9001787126479,104.01353854236663
3.6236526859622344,37.62546953233026
7.61943777509606,98.53358310894504
20.7236481818001,522.364186690227
9.01609379636124,127.35432253022859
22.369379253115724,599.8666451821871
-0.8435581912575749,7.337357657007452
-26.869632675550616,624.4986294168149
-14.447861273580681,160.94925028630968
2.508066331952314,26.32266205328199
13.173222065462916,236.2266678478507
-2.27303981326439,6.074550739627453
-24.254390518708238,501.2578973591712
1.5434978901409124,18.556377297433098
7.706817955887395,100.22231482873795
-3.3254045536325805,7.75669723078998
-14.944370375347823,173.55672441418236
13.417333221193005,243.69416365330147
-4.307659810212371,11.325293799669396
-10.294198204160171,74.79372384989381
-10.452947951354261,77.4523290683042
-22.406526586102306,422.42632730930023
17.569930024602236,388.98216116782805
-20.44319669023468,346.1515041546834
-5.1696572604655415,16.046727148821923
-19.849843254014353,324.61690419288163
0.650585596742939,13.025604005661123
4.9058358193213465,53.69056836342173
1.4574005495769313,17.953618560214867
-0.8690714255503522,7.278999440506713
-3.464354533940238,8.14433420107133
-6.647528166554487,27.59951805891731
19.047833146583912,449.0112801664364
-14.927466064009295,173.11937883611196
-0.13570759252827713,9.475586180556713
-12.414385747171618,114.45943049089134
-14.892383690953414,172.21355723476157
-26.983125199690242,630.1565447433976
-28.35915890668932,700.8052582680989
-12.906816808219492,124.95865288805923
-7.184657104307668,32.88066928924797
-12.384571504561343,113.83932533334743
7.869600420117337,103.4090124527803
25.397579408411055,756.6273574401894
-14.723626475491233,167.89067068782145
26.31694755468616,807.8495188148464
12.454858362381252,214.9429302765032
-15.53499913576938,189.19620160527788
-20.146105789582574,335.28115532672217
23.85484737131094,674.4731325937842
26.397364524007486,812.4103119093589
28.041530322184407,908.4935440987251
-0.1769060570624177,9.323671524775701
-18.247656303183522,269.98633534637924
20.708635524868484,521.6821274013189
-17.947523649625225,260.3235105553559
26.084712357856397,794.7510682235318
5.397673029537998,60.7255662519539
-8.298906884541083,45.67622794011905
-28.116085201391975,688.0499062463649
5.659639409456595,64.67007588290058
-9.890649263993204,68.2623458073565
-9.557253154305776,63.11207523826461
25.589143601235875,767.1608446496145
17.802758107357448,398.14922865851116
25.74284105600634,775.665229858831
-22.361669956342,420.59760341100036
-0.9460410144323781,7.110829543258731
16.23125568486784,338.37868384702597
20.857134542013966,528.448599471728
-5.9079785910600755,21.27229666818389
-9.66086921562394,64.68891713889457
-24.971733844973716,533.7005558443109
26.382063826787913,811.541547067863
9.26029570460858,132.79425935522644
6.951675784453563,86.13249934997232
4.657953488864763,50.32834465988647
-6.471731870095734,25.996385918029894
-0.9637365539870153,7.073841929542706
-15.191785117870182,180.02319459606122
2.5057446352522277,26.30173471810423
-21.44296022475671,384.0287023014715
-10.850231774583104,84.3266024638404
20.321943404054167,504.26915733379735
-26.724482040380746,617.30001216511
20.883477735153917,529.653553255285
19.36451361541571,462.4424420232832
-5.378732119666051,17.415830736463043
15.24208046796901,303.2893388639185
24.949446429672136,732.2726628657683
-18.351358071365354,273.3669107780049
-8.602563378456033,49.59384316652874
11.637164670400907,191.97226024763066
-1.380593058561935,6.383664959101658
0.5608336447259816,12.557868955960554
28.23285076074027,920.0252651211935
-19.90243724779824,326.49725941135375
-1.0524690459195476,6.897814908940612
-3.3946582476519858,7.945071627743708
-15.969044212536506,201.13419621179963
-21.63934218024107,391.703761272596
-25.984032604695457,581.2338199830947
8.81299865677881,122.92093995150034
27.836999575896712,896.2465436920606
14.09507481207985,265.05143320644726
-18.07925781725537,264.542531953768
3.854672325606991,40.277188040228374
-18.075733659954775,264.4292127058029
-14.521606894420763,162.7906392184056
-16.3192277856882,211.04028437842493
-10.140419349497176,72.26642718566802
5.845510448480098,67.55203419721039
24.11769087273234,688.1337765236061
-28.83199424295899,725.9559150541845
5.996804677355065,69.94888504776785
12.031504509979214,202.88311881356702
-20.405244691631253,344.7530321588204
22.872253696532994,624.6290039446992
20.26647791547812,501.79603876047486
25.92123725299986,785.5954897383072
28.265392642675423,921.9939918153116
18.302584252154574,418.1949273158349
-18.448972715027203,276.5687033797094
25.28978675161278,750.7324609485004
-19.136774423041317,299.669037626203
2.3872038929011907,25.247557997887363
11.091618209388159,177.39046734038362
-23.1466111564622,453.1791634026116
7.155599201990434,89.82499674748786
-1.1264939464001706,6.763012825675548
5.337876578000852,59.8444326739735
26.503338812696008,818.4403234713426
21.783776529355094,571.6680259983023
-6.365655185226153,25.058945196291994
6.195863823022876,73.17218380553516
8.588390221102529,118.11400747433966
11.069971965202619,176.8241671711824
7.326714412253537,92.98760172773784
-13.578782375202646,140.06820129230346
23.034980426268554,632.7502449436497
12.44920524321352,214.77953216050906
-18.950847909155893,293.3312448393347
-0.2784628241753744,8.963690247746229
27.902852287558517,900.1805749315437
8.23397560819815,110.7342567491947
-2.357035441693821,6.127474306625501
-21.368844910664144,381.1521531733604
3.3046152523601933,34.1389429755724
-29.48794003631161,761.5868474398627
4.598617286174253,49.54175008939767
8.199991993410059,110.03983666562931
8.249727982348958,111.05692371214724
-12.8914988964208,124.62474821073548
27.70623090644127,888.4601546668066
-21.84185702824168,399.6992903291838
16.65670989162738,354.0728239803469
21.68833030544323,567.1369926597802
-5.1443217166270045,15.886759057652192
-21.809793264587274,398.4279091856873
14.803767057418014,288.36658731996687
27.71997191863958,889.2767308447252
-2.5500300452053573,6.3025330506286075
-20.787066217679524,358.9538570674752
-1.213775591026355,6.618148821265957
8.962497984583301,126.17636206199293
-11.53048103019993,96.83006866700072
-17.125243735738437,234.7729980654948
-10.789319129014473,83.25213075165973
29.266749168131362,983.6096035428432
-7.122670289216472,32.24175089202118
28.333484430705198,926.1202777078347
5.531683763591801,62.72626031475235
18.56693020923079,428.9986182313701
-19.459924257657157,310.8489550831248
-19.274171281401784,304.3969934592062
1.0333032899150218,15.200928848609294
-3.5931428500898264,8.538104140792335
5.268175720776661,58.826378308087335
-8.617571479928802,49.792252291967074
-29.853819527161644,781.8352622516912
-8.05506503398718,42.66381256581417
-14.851579207781967,171.16308813389378
11.014341693874321,175.37308972491553
25.75930757296448,776.5791569304431
-12.766824318521806,121.92450590591255
12.528768244011346,217.08510668819252
14.481751677501435,277.64813835882137
16.428398124607675,345.6058574390437
-29.428080289759105,758.299588381472
-15.102783573796463,177.6829373817504
-19.346287801163303,306.89370048078683
-12.834446063528521,123.38522150350867
-13.123339810915972,129.72868854910817
20.492305936180827,511.9038263267553
-2.0210742089870877,6.000444122284431
-7.893275445942898,40.73069548175346
25.463525179244563,760.2452152710001
-29.598723708701737,767.6895503492555
20.15568404801808,496.87433563560285
6.656433696004079,80.93384433331484
3.0350949023659055,31.35218067583113
-5.753647987253249,20.089873212210364
26.194192083875123,800.9124672624466
-27.47226240385344,654.8361519707653
-25.161441484136837,542.4523716230948
3.5999360651719954,37.35928393401401
14.930318643610299,292.63568937417847
-1.400831637878774,6.3590027261670325
23.40981397650581,651.6586463206299
-13.825201047727202,145.8353798191685
-24.091744139946375,494.045159144855
-25.37326319808191,552.3094325268103
-12.952018543833436,125.94671018447146
13.400683215957237,243.18104351826693
26.016137897160796,790.9039826727294
21.706576760753954,568.0017817135194
-4.818312700579192,13.942886478245978
-29.0287735963405,736.5546021222334
6.279447808933362,74.54925602085146
0.443127040135856,11.968869734242988
9.615889304908634,140.9288843438908
-10.290756711975199,74.73664685716182
-25.43094635260856,555.0092469788204
-8.386757050969031,46.79066562810263
7.115803967540415,89.09788197462558
18.565186524008517,428.9268967672615
-23.667082564055764,475.4624668376093
15.971098274433636,328.9603731893516
-13.066580933309343,128.46921355348587
-4.978292452069859,14.87022593005629
9.320828764138469,134.16116390694492
-12.985413132710942,126.67930169633804
-25.978622888279713,580.9743556183317
-9.420497579990418,61.06378433464364
20.85818511028073,528.4966265358596
-21.491256520377323,385.90908074315155
-11.813069037256131,102.29632392995497
-16.153226525787908,206.31382109026643
26.025064769891408,791.4042553566085
-11.478221756208224,95.83668765985892
-16.713546051810134,222.48843741873756
3.0411835896588784,31.413531984645974
-9.985341749039229,69.76568284894888
10.670014402245421,166.5292649531064
23.897065041826863,676.657977780611
11.880851933915345,198.67805041128136
-26.315606538756033,597.248721347595
29.76117211002562,1014.7720538026692
-24.473613087550863,511.0632852089375
-14.836965424921145,170.7876813206209
-18.501474816842673,278.29867113089296
23.122773761449373,637.153761468969
15.613454121155073,316.2337660780346
-22.901131291534693,442.8572892659707
-1.949300832556652,6.002570405579449
14.034096521345582,263.09225125582645
-22.35073896147253,420.15257627799605
-28.75411170145249,721.782492933797
25.996585511594702,789.8088003080344
19.344438836506484,461.58506924536624
-6.329282099806029,24.742683499700902
7.639218477454115,98.91453285609282
-10.251982149874426,74.09520940184615
7.633230908478076,98.79913773605733
-11.761868197766262,101.29407071056033
-0.8519515691020949,7.318015199687142
23.87428530453272,675.4786400203578
-28.052455456788945,684.730435327972
9.0772593330367,128.7056743313487
-13.682013539846075,142.46944034514704
7.133689585801527,89.42428544977926
14.892247490457393,291.3480252788641
-19.219556283259543,302.5131185923432
29.214464138329532,980.3427714430604
-11.450991853548544,95.32124701584095
-7.5548108290106555,36.855923346094045
27.576217925893197,880.752666799926
-9.603321590279748,63.81049920521416
29.669313112656937,1008.9453930275046
25.10973417592959,740.9376870895647
-14.52185691305548,162.79690055103532
10.127238220928916,153.06990686715915
3.9166286775318966,41.00649490779284
22.508939847500116,606.6881324483791
-19.622912528319873,316.56704598081353
-6.818202244345606,29.215072867417035
-25.562336849203888,561.1837177953514
-14.447376838715574,160.9371901649929
1.1744165965464504,16.07692072842955
5.72304671201821,65.64545051601527
-18.453811912980893,276.7279264677519
-13.579248798300952,140.07900273295405
-7.918044019235978,41.02324501361473
21.161411086008805,542.4509634950915
17.86231056969666,400.5113811670837
-1.821901368625273,6.031719122497551
-13.179507879773386,130.98139643391522
3.1228758001691332,32.24385646395854
5.4818823696583365,61.97856379340425
26.55774001634034,821.5445148408863
-2.086657452946408,6.007509514151159
-12.466424632012526,115.54604457759854
-19.83809016973328,324.1974609035351
10.63443593706586,165.62897144782124
10.263201666315233,156.3861151087167
18.81746833237699,439.3669877695188
25.63245818655568,769.5527454317481
-5.95460670989376,21.638914229936745
18.791357255838285,438.28053653989934
3.378737376705587,34.9308157675697
-29.316532548088745,752.1929504507918
-1.5293750931225674,6.221487802973392
12.151626664413904,206.2685372489506
15.783747987088347,322.26169246826885
-4.6987337734731724,13.283163980084748
-15.998086905706367,201.94643701970807
23.042995070758145,633.1516021140168
-24.476952164805496,511.21337861895444
-9.76713482611202,66.3283834070022
-21.916675754940822,402.67397312744754
29.658699976501282,1008.2732842021222
-13.749889890513131,144.05991243918268
27.437055153283566,872.5402160974586
-19.049249476050232,296.6769076965991
28.05625067148251,909.3782044269927
23.210280159242707,641.5582257075065
15.797325367095866,322.744790222274
15.004696338275501,295.1596975569602
13.78343273746524,255.1167489780895
-3.4600799322488385,8.131833408555773
-29.700166410743105,773.2992191828606
-13.47786840352228,137.74146308857507
-2.958328975561873,6.918394425401468
21.460461310425927,556.3932448979917
-0.6295004489492975,7.878269019430177
1.3913960548665152,17.501567200964164
-27.139727962094252,638.0059220081037
-13.238856435010405,132.3118939667748
1.284281133390472,16.7865025631446
7.517951862486171,96.59140765660398
-8.136034910313644,43.65092442058777
-10.590001479209675,79.78812541282441
24.770860067479042,722.678948752544
-11.491362693773787,96.08596578476082
-26.826824712556636,622.371225308013
-2.06102562202458,6.003724126543487
28.682279713655063,947.4022884269691
16.112613763758844,334.06677735510635
20.832186587739848,527.3087443773674
16.24228397044073,338.7809244581988
-9.715265958637556,65.52532881251148
-3.233226756330655,7.520848232529829
-24.493058719966722,511.937690579871
-20.70322702466722,355.8107011362423
-13.429575498578114,136.63519607769712
29.28574745768504,984.797993986046
-7.051487068633563,31.517521604572103
19.172239711339934,454.26373439443967
-20.862904052658063,361.809149299784
9.878238675399516,147.09255402975685
-26.478718762332775,605.2076722453826
-7.661707028434087,38.05492647581994
-15.768153542043295,195.56205195727935
23.8216802690333,672.7591719161836
-2.6848454230289995,6.469013253443769
-23.8478723264756,483.32952519397827
-27.596906295655216,661.2016119085536
19.448352344314507,466.0318182858616
-28.466717036204127,706.4871106744978
-7.185170299712873,32.88599103702448
29.898693383790693,1023.5266395930921
-4.965300309033967,14.793005922756944
0.8091714263310763,13.891444102514974
18.660277026215056,432.8470467999496
-12.697074832882976,120.42740998029834
27.12031017065007,853.9924644348661
-10.625785543098385,80.4041762355251
-29.579798718905796,766.6452973753577
5.039094362703416,55.54884944704301
-24.995392441918387,534.7880735578373
3.0617107651482485,31.62091587001767
-6.288493799200335,24.391179065779724
-7.501629107625355,36.267922837870564
14.578836309150574,280.85781336560945
3.8000028757297457,39.64003335847332
14.25062311681232,270.082751684675
2.5306133692724515,26.526457501830276
-5.051568987939934,15.312073288156753
26.115003855485583,796.4534417939692
22.575894839033424,609.9746071392296
6.66314929330764,81.05015567813666
-13.628772213007888,141.2283431820244
18.080451862819146,409.2245470149969
-18.22558466616053,269.26959775874366
-12.132375231343879,108.66502782875094
16.06600956070632,332.38070144753215
-19.05623581152614,296.91518005838674
17.497226515651448,386.1418418026219
27.208431319324603,859.1324601357023
-14.637423450886036,165.70447147700435
16.09264198333952,333.34369393729975
22.849968038073882,623.5209114932935
-16.126318269705934,205.55286785702765
2.2938513796358535,24.437159670400725
3.2401401521188262,33.459068813847914
7.911606384915501,104.23994112949774
-10.756647219854738,82.67887053298972
-26.503849260466016,606.4386285796409
-17.230506441633597,237.96832646864254
28.27782930279477,922.7469472891777
13.115804076613358,234.48753288256103
-0.45944148913677907,8.373320525393105
14.022958227350834,262.7351903554298
7.6048442299916275,98.25303268240346
2.436783807976738,25.685050558724566
21.425334716403967,554.746306575561
23.985739345207293,681.2586493170544
6.061230567142573,70.98343825663378
-7.8703251065032696,40.46071685604262
-0.06735723048776521,9.735108074547922
8.730048579627947,121.13394252117573
-26.88993165786458,625.5086979331695
14.395261027918671,274.8045841735888
-6.915247099524905,30.15965404938799
9.370784845540108,135.29474800356456
-12.59949167281432,118.34922372206013
-11.128560156765591,89.33061053568824
15.917199777683393,327.02604787341784
-18.342278292594827,273.07005979261606
-11.997519251361279,105.95039118133938
-4.974229289880952,14.846039868785756
-6.624423315421087,27.38529100021016
1.3443779314950035,17.1848637486708
-6.914484160348078,30.15215456231215
20.894435211635212,530.1551636597623
12.169151121934867,206.7648435162281
22.02103493224093,583.010119215939
-22.36017202093948,420.5366047222468
-17.710754976343857,252.82782192671326
13.241385613073945,238.29983540641743
-8.175045155488075,44.13118267231674
4.745145230281196,51.49698417758516
16.076878347017526,332.7735307728711
11.646674253482281,192.23171818065617
-14.625847484324705,165.41202469742848
-26.359718523019403,599.3958865207346
-26.488193891381364,605.6716400618875
11.534239328059869,189.17563418920244
-19.881313785876557,325.741382708979
12.63224729712178,220.1026609641276
2.2401586241663907,23.97894515809262
11.942579521130007,200.39552370303386
23.57344199375388,660.0009354078945
10.967037863091967,174.1440709428607
-3.348105475348021,7.817388372663313
-8.774739238887644,51.897091754923935
23.317969115982933,646.9995601578655
-3.6448159124092,8.70541938571451
-22.94728031124719,444.7885524379642
-14.961395762194986,173.99778010424615
-24.409642481590378,508.19207615270017
0.8144177776423369,13.92094742710923
25.66559527347669,771.3851618358158
-21.375273015714953,381.401204433492
-22.33450145517836,419.4919494306508
-0.15206955473530925,9.414846930536157
24.687161395743516,718.204583362463
-22.73233620848154,435.8297646615148
-0.3126902361565911,8.8470142391613
-2.0331151794863302,6.001096615112412
-3.659690635646836,8.754573006053798
29.52143559448742,999.6009019374186
16.97167650909047,365.9245095655752
3.3696266490525417,34.83289035021523
-13.232836583386614,132.17661770906867
-29.87040417846196,782.7594290708299
-2.9092250043667107,6.826690108565645
6.214247069663372,73.4738549214733
-17.670212359778013,251.5555554005396
-15.434814045071576,186.4942284256525
-8.480698419555182,47.99945200522504
-27.584390656606125,660.5610452698347
6.7104083937553085,81.87121438600293
28.335694480982504,926.2543596435123
12.304753807719926,210.62598149947772
-1.2069382183658846,6.628946989488678
4.873902319210266,53.25053309404428
1.3121203726466106,16.970141362900723
6.020988406926179,70.33625502404416
-21.0867982637588,370.305867961426
4.5616259774686725,49.054935468191715
3.562377602290937,36.94004459046787
-23.172846721400507,454.28943828792023
-25.500789915099887,558.2871266336606
1.7939453928699116,20.394021644078826
-15.438042884818008,186.5809965742079
-28.86875479024683,727.9299839784119
-29.950661865361717,787.2394987117857
-29.135603297382627,742.3409663129229
-25.934896411499246,578.8792662291995
1.8565269320649023,20.872799977741927
-18.355736755860303,273.5101248269997
-3.3127604860740227,7.7233400937973045
6.47624213145874,77.8466806711162
15.051157464900044,296.7419708928165
15.557168990982838,314.2541829779293
-9.842281873530371,67.50138498390304
-1.4330673947366996,6.321412578910634
18.16130081694552,412.4780506313681
17.79151277647302,397.70397798129477
15.344359869159796,306.8268192709208
15.769094503451328,321.74071947258415
-3.628751823991788,8.652832504156576
-3.700472321511789,8.891606116227694
27.111455878852084,853.4768633863516
13.027238886912123,231.8179085643239
-22.573538665297253,429.2704932124811
-5.1832004770731785,16.13276527723891
23.50581058968173,656.5463738367207
-12.560547446537125,117.5251623705618
1.1087958029353153,15.664611344348232
-12.74854935851955,121.53131331253105
8.159198823071463,109.2093207266966
8.016426295062516,106.32879572441979
8.31571387271407,112.41395270370552
-20.349802711999878,342.71525956931805
12.255123261891015,209.20853921170632
-14.154433025885908,153.73024218074607
-19.441857713753606,310.2184005068262
-12.480942121335236,115.85014775077916
-3.5473984965431455,8.394442107103988
-9.857081134462447,67.7337239535257
-4.538980055937326,12.446419724447509
-24.09617538481395,494.2409666364579
-0.9615300267562858,7.078419885328801
-6.747464093428949,28.53841531839715
10.257394330197378,156.24371576595485
3.1260412796305204,32.2762992004761
22.05264635221365,584.5297965446566
-25.281074557387278,548.0084325466252
9.491889786703375,138.06353086973735
0.38439921453290893,11.685359614265153
-15.014963096116556,175.38926439327588
19.043657363875923,448.83551524820933
6.63918951723857,80.6355955147648
-26.646126208431635,613.4315370819407
-0.757579112854728,7.543609660814845
25.478894983135596,761.0896694941947
-17.723794958086124,253.23772788393464
2.3503656574912952,24.925681353879668
25.8174073643073,779.808152471818
20.35798151793255,505.8793375562135
16.306205619505405,341.1171641836113
0.35294835112349077,11.536365943054754
28.73469579684722,950.6215257247381
-5.348253402931995,17.210800850245686
-8.458032503552356,47.70618381693872
-27.476485130529568,655.0512946060942
-10.57598939750256,79.54759414607634
-13.587640566199838,140.2734138914401
-6.10764130756597,22.872717111622272
-26.022920250904903,583.1006973813369
27.278496659416106,863.2303666354401
13.01903997632403,231.57156181041935
-10.560716422369104,79.28586566422008
13.017566937442687,231.52731672057175
-21.42466555727998,383.31763201217916
-10.706418189042953,81.80171768249798
28.80821585897315,955.1461644130846
-7.565857418431435,36.97876880230823
-7.752178972394791,39.0875629304608
27.49542134116423,875.9798800928063
8.954580580528386,126.00283569528963
20.725963355504817,522.4694104357477
-29.26617628480199,749.4443691938984
-7.369421797117202,34.83069043535732
-11.770798083535968,101.46849518923015
15.503092836335085,312.3582588373646
2.9347341773002924,30.351601400615593
8.789098312460894,122.40464239594651
28.37325784678319,928.5347922271766
-3.1068249400371997,7.225061447888351
-24.427867482366743,509.00923980660355
-29.33105247486303,752.9864293837165
15.99981329611309,329.9932786949296
12.76140951205874,223.89921078269828
1.9295959298328142,21.441724171758622
2.9020188584128945,30.029788888235657
-17.570405255436146,248.43751981851358
10.163093132249458,153.94083454377392
26.20447472261275,801.4923943785017
-12.913700445472074,125.10885741349733
-17.030207113144577,231.90712586402182
23.837947883441693,673.5995508274491
-22.29962171845375,418.0746419123192
-29.18549615914232,745.0512014187418
9.81676341607475,145.63589763148258
-3.64093284769541,8.692660610645769
16.017083282556428,330.6152900105743
3.8563416776022095,40.29673784482066
-28.6703050926763,717.3051737364354
27.53210804051504,878.1454053166531
27.23889772633975,860.9131402513559
-7.5315824037806465,36.59840388981568
21.895096433866982,576.9756335838026
-25.90109130014423,577.2621653378302
-27.761113264142832,669.6349566079957
-8.97682792947397,54.67612795748805
28.352142265085448,927.2525400799864
6.426220001294801,77.00118351022056
5.645512496983621,64.45386134153271
-7.3596127899389465,34.72544925807714
20.906434803063064,530.7047553869788
14.07288489016534,264.3376286925053
-11.32061458482659,92.87385623888214
-13.170344067312882,130.7765865821521
-26.93323638241085,627.6662765011761
-10.51530541345618,78.51042628443611
-28.231281838105023,694.0801468700985
6.0330154189961505,70.5293367218299
14.504223103138166,278.38938023815956
-26.349017941796696,598.8746747299374
-13.146685374210282,130.2485948316334
11.984560336873741,201.56792781566222
28.215689122700454,918.9878691596784
14.522105505667682,278.9799703404143
9.924181417937866,148.1861024878947
29.422770406302703,993.390500007213
-23.311026818400325,460.1598640545779
-25.69794996387003,567.5928324900876
-26.170734068308402,590.2243854008844
27.4301855392885,872.1358208769461
24.357713248912063,700.7290477118745
2.894454811138118,29.95568789827307
-21.67933919638181,393.2763912062495
23.20060686293344,641.070586260128
-1.9990542997808447,6.000000894348904
-19.347650399770774,306.9409743926671
-21.112185231363615,371.2756243179535
-25.720712671121895,568.6722096259227
-2.866748029092971,6.751252145936549
-10.506993723767767,78.36894221622418
18.95331900450121,445.0415773043916
23.871221298254717,675.3200914632685
-26.9434995191857,628.1781682636172
20.331273671992555,504.68578381342786
29.540080695248164,1000.7766902627659
25.270486249757703,749.6794202982239
9.892291233554332,147.4265907836732
-11.196240636946634,90.57084185262863
13.894576110288398,258.63754972575066
15.279926206677231,304.5958497082106
1.8128920107724582,20.53814548581244
10.139121206737713,153.35826367186925
5.748845709111421,66.04460982361448
24.387799515593628,702.3159632751633
17.961909580689635,404.47783410762867
-23.850015500733768,483.4231773823059
1.6599923281260267,19.395543841941375
-27.029365592817953,632.4691419789392
28.832915483943907,956.6686772400279
-6.365276875594791,25.05564220060262
14.23690072209547,269.6369450591844
-27.24299701841392,643.208898471654
28.213957125728946,918.883205195387
6.921137189679044,85.58668875707451
-3.8868286565695556,9.560122379252073
8.437857797903597,114.94887540925691
13.233222219327885,238.05105918342477
26.609700205987906,824.5149458765044
28.29505662440065,923.7904558756418
18.506511825018904,426.5170272296402
16.588651289108626,351.53795674807975
-24.79136292098987,525.4462237962719
-3.871143810292061,9.501179158794292
-18.90643786778149,291.827641377156
25.93208109880696,786.2011545103292
-26.62082983598672,612.1852618126138
9.064969751520813,128.43355560207056
12.316060914293878,210.94960010177286
-11.453324292662906,95.36534018225063
26.222153441759332,802.4899448902081
29.772195863102887,1015.4724299633722
-27.88610732364689,676.0905523713652
-21.63360087190728,391.47828319735834
6.467633133809095,77.70081088878163
0.2591633086284908,11.10381885505323
-11.356895775054582,93.5514985452343
-5.479244614001523,18.105143084058607
17.78272805263422,397.35632920448086
14.80340656467854,288.3544721778818
-29.482977907567907,761.3140746678656
-6.231900478000799,23.908981655703393
2.6377363210165043,27.5085981832757
25.257511563181616,748.9719366169795
3.980029301958396,41.76075045228102
-14.670984769436192,166.55385502728393
-1.3674887555488944,6.400070474357086
4.75169366033461,51.585367283002554
11.510410050575516,188.5311797346919
-29.347281625042672,753.8738122793966
26.165870357903366,799.3162530182195
5.1510981022109235,57.138204067444676
9.466601447280112,137.48294875076635
1.383278686146415,17.446574668132612
-13.031995302944019,127.70492036417889
8.749255844477531,121.54650121003436
12.0737720783561,204.0710605135158
-0.5733797707797521,8.035245278420433
-12.936661781612425,125.61057092538188
8.239830180108719,110.85412211746535
3.0368756273792457,31.37011608568707
25.290093887350096,750.7492243803831
-2.5818291182438315,6.338525122836394
-20.00364653181161,330.13128844241226
-1.333909413761841,6.443676669075094
-27.735823968716932,668.332635348785
21.565201833382275,561.3187374480433
-6.134626233455876,23.09513409038152
10.690540527346286,167.04981887621855
2.6602705342739625,27.718121452622125
5.656303699468495,64.61898633849496
26.409834960246386,813.1187224684377
-13.96631051735988,149.19258739787767
4.364044689868095,46.5010648146383
-24.032386766750513,491.4260666396831
-6.064309459644562,22.518611383756273
21.507700502116748,558.6119828972201
25.782067461891117,777.8432724570691
-4.652249423179352,13.034427002755208
-4.080807788996339,10.32976105474783
10.55765763453251,163.69476526613266
22.779052958955745,620.0014655427335
21.559572648955985,561.0534634014349
-6.309736191432833,24.57382603974598
26.418800005495058,813.6281937523258
-25.109862115361906,540.0657269910396
-27.36141577880661,649.2014103055009
-20.92387149987135,364.1129125436431
-22.694193952978345,434.2496633634855
20.45380583050727,510.1733962741223
-5.191637685145118,16.186551113238483
1.4410520891253888,17.8408394800742
-15.41130110183111,185.86299724397634
-18.970841123544037,294.00944844057346
-22.69750393196724,434.3866690137994
25.510692604051734,762.8382075546268
12.923244632014814,228.70323034695897
3.5397232732069384,36.688533943710596
-11.49470388494974,96.14940186287969
-28.31306405122928,698.3773397640946
18.89566725161074,442.62890989003745
28.35343549088943,927.3310460995862
10.950179514440656,173.70714945623843
13.67808665523743,251.80240116913396
-4.704723301781929,13.31552813920214
-15.336974016407325,183.87487591432412
4.356855607163496,46.40961321032598
17.420637887775918,383.1611759681175
18.334672641795315,419.4989114489789
-20.681766653099736,355.0084052808693
-14.568304611492938,163.96228080727462
9.987101529398565,149.69060307610943
-13.815499949361453,145.6060390533605
8.311692726450318,112.33100688472838
24.856269587674078,727.2592161658276
21.82866689569959,573.8053660262096
9.362891003522321,135.1152919579285
-9.11073979151487,56.56262038263294
26.461232222852182,816.0417396431193
16.92735062446701,364.2446016615117
4.137558635242193,43.669626001036015
12.888203200549569,227.65859454085444
11.485113258042091,187.84827958222257
26.229710001421452,802.9165267643543
13.879886868805627,258.17080696606536
13.8780916647965,258.1137949156801
8.36243842056389,113.38013001997865
2.4045487968246064,25.40005010360909
7.160250917873569,89.91019687840355
0.517844428981217,12.339540568551751
-10.441626264766427,77.26105399399438
-29.792226969969164,778.4078799502814
0.004438641642746433,10.01777426811062
-18.238256590171495,269.680977088248
10.959471941497945,173.94791300247252
-2.81574864686036,6.665445854854508
9.575708206554609,139.99702048329573
-10.149183905587368,72.40919832708418
7.694104359392114,99.97565933078519
22.95235679081769,628.6201094162657
-16.584784291082244,218.7159328173994
27.087413262916748,852.0776103277052
-27.756779605048983,669.4116956230672
-5.119453127568029,15.730987815093957
-3.2902043989625938,7.664627391102428
13.158738811821124,235.7873623650121
-4.379859485723664,11.6637311717889
19.029005111041236,448.2190559601985
17.54732564554432,388.0979398929546
5.6351613575517945,64.29568895585216
-16.125867300662104,205.54012699591487
10.743450471418171,168.39552991748803
9.021571657299347,127.47504179698427
-11.956817532911622,105.13821538369626
-21.121885306876898,371.64649768935465
17.11055737110817,371.2134030344169
11.142820478424298,178.7337301280891
-27.963512223544203,680.1039669821292
-25.999875979783184,581.9940470449739
14.448038286972697,276.5379634897197
-9.487742653449125,62.066290044281345
-6.996388618108643,30.963899223165598
26.712183503220587,830.3894815226124
11.051629762976276,176.34503946980817
4.54350334977314,48.8174360884923
11.497272714876992,188.17637073976292
-27.27677019704993,644.9151115944716
3.0028165024941416,31.028172957627717
8.856315170665368,123.85957908481903
-29.531697305261883,763.9943565085645
-13.132979014705299,129.94322174186857
3.5228520498636016,36.50189476468259
21.449477826062015,555.8780103149742
2.6258461626038496,27.39845272007676
-2.2457351389327727,6.0603857585063095
22.385371628781044,600.6463494737595
-8.506597145321827,48.33580641151015
10.938409194193916,173.40243247640166
1.498586547058018,18.240107827255343
-19.44018928524855,310.16020230529836
-21.174058671498244,373.64452593805703
5.174462119361571,57.472906702154134
-24.828043094723274,527.1195515345429
14.496853339855448,278.14617011669986
-15.564151598507944,189.9862085873056
-13.325658537478805,134.27054130756653
-0.957485701695596,7.086836062169124
-14.364782309448373,158.88784156004743
13.747045794347372,253.96945124927325
25.228166645253012,747.3730588616686
7.542579622665521,97.06082585491123
26.258048890797703,804.5173271147133
-22.15535383828666,412.2382883465369
-21.063991757676796,369.43578173676883
-2.015047821234109,6.000226436923894
-26.526833184385815,607.5655460546892
-13.453588836775335,137.1846972419046
-14.437352311650981,160.68773252413
19.637541760452194,474.18321343531267
-19.022071250913747,295.75090967118433
24.475013765526434,706.9263538848141
-6.1078008912589326,22.87402816222768
-22.938927936465703,444.43870312850385
9.564789452341898,139.74435507699843
-3.972972439585739,9.892620247364903
21.12451809889386,540.7433373060696
5.8935239577474405,68.30772047153282
16.229938853685255,338.33067060910327
16.850216876697296,361.3306762985236
-2.826346411688082,6.6828483921097686
-8.95098939573682,54.316253579645704
-11.360853856962198,93.62558493140405
17.343581029004625,380.17412702566764
-8.240591934084353,44.94498768775868
-10.331247776663673,75.4096895161634
-27.702074981693606,666.5966583646003
12.027897069614141,202.78189619568903
12.034562672503824,202.96894940843768
19.477430838994074,467.2800354437737
18.927553627491108,443.9625008315162
15.167282163425718,300.7155768786748
11.76899175720557,195.5851340099949
21.114963737359126,540.3015485794274
-27.61697030802569,662.2291677622698
-22.311487168140022,418.5565109815168
-3.6341512239958114,8.670450222887009
9.171423015999459,130.80069220240244
-3.279408661496614,7.636886523112558
-22.171248288211565,412.879257504678
-23.01359343665404,447.5711091209897
20.967414879844718,533.5021462629126
-5.12025242233431,15.73597517908313
-10.125557161614982,72.02467918667251
29.855420726516456,1020.7678296633742
-4.857314635439813,14.164246925898553
-6.933944609222031,30.343809406871145
-21.945729981376367,403.83214448997603
25.21647798735475,746.7366740361657
2.7961429745959023,29.00298743276563
-27.731384233778105,668.1041345863244
2.3417034870218743,24.8503891692179
0.4917428598178901,12.208782479453438
1.9061417082294483,21.25794304476967
-24.338959134580996,505.02909521647973
-12.36044598024074,113.33884090948652
14.853526597157035,290.0413587610796
13.67679344434299,251.76185269659538
15.09692460465493,298.30483093725513
6.445654839716681,77.3290856716298
-13.51657012693735,138.63138748866578
7.188908712127315,90.43604331980927
29.894426824722068,1023.2544624775506
19.448911773530774,466.0558162687071
11.692136066385608,193.47459006041754
-7.029475337705936,31.29562217259224
-22.6389645617473,431.9668581810609
25.157707293961067,743.5410654644661
2.010212066031805,22.08180081454708
1.8030621989624542,20.463282089177138
-28.131353098034545,688.8476147341596
-17.346592766862603,241.51790955191956
-26.867489131009815,624.3920156808913
-10.066575079416697,71.0696335118665
8.77461876239419,122.09240947493691
13.797951017449627,255.5752563497377
-14.253498400201918,156.14822304375096
6.27924046714778,74.54582271285739
8.889767725598631,124.58704111748958
-12.489066066664371,116.02050695084998
-0.8393197457894459,7.347178652514277
-0.31314483696991147,8.845480341041267
-6.648353631172952,27.60719148043877
-24.648993764772797,518.976918556717
12.175809009897478,206.9535610850905
-10.203926858455887,73.30441589889388
-17.332643195882433,241.0899473722399
-1.9679542364175262,6.001026930963584
15.290809158035245,304.9720813395955
-9.23822310647369,58.39187373908963
-16.261788289586367,209.39860521698284
-11.257260151177292,91.69686550657501
18.82637293122481,439.7378094704535
5.149788969999932,57.11948231553269
3.803008994730078,39.67491339291819
-29.350358470799055,754.0421084812097
-21.012745457723966,367.4844898402033
20.20191906328298,498.92521009256814
-23.899108410746233,485.5709491856164
-11.400877814558207,94.3765036842527
-26.41355317647934,602.0215787007844
16.964160085966576,365.63936776616777
28.64331772213106,945.0129210194714
15.738285280882764,320.6467647059821
-9.435366733008308,61.28467845432665
-25.39083562786604,553.1311913698472
3.7251947554451306,38.77785498777643
25.52128662850525,763.421217688342
12.629111957577706,220.01091666734303
-10.83382581070397,84.03647845385966
-16.20137252788745,207.6789816758364
-8.235996536188143,44.88765279935052
19.087986383034035,450.7031696910289
-5.539877460793093,18.530732437430956
14.951089460156773,293.339433886238
-24.596404716190023,516.5975060978546
26.886850309834266,840.4501208227721
15.844132322086558,324.41305832813424
-5.8691263996442515,20.97013909642409
18.286829621166227,417.5554560782274
-29.410573890350474,757.3395609983631
22.388083498686115,600.778616738886
-27.867265636143884,675.1154314908302
6.866853494811892,84.62109089845785
-2.4925699124639387,6.242625118664733
18.67696793678759,433.5370030589421
-3.920778424020675,9.689389754183347
-13.614947201468851,140.9069984929091
3.487749297140212,36.11539234826289
-28.837506011144807,726.2517288982338
-0.5340276941565705,8.149074801499902
-29.45453337874974,759.7514030448837
7.450828819126656,95.31816536843493
21.06275859641881,537.8908340766898
-7.553284667135799,36.83897059424556
-13.533585871338797,139.02360305154593
-14.012821953758252,150.30789129269624
-18.55954070717588,280.21838843261503
-15.677483839366278,193.07356417612573
-0.814027251828211,7.406531359406145
-17.651626790392967,250.97342118574687
6.0967960397134675,71.5581061087197
13.769028066690069,254.66224616805914
-8.108233045928856,43.31051094337731
-22.782530814687295,437.913587063427
-28.949680335559293,732.2852701888313
5.090467956860593,56.274735847266825
-4.528524844376992,12.393437888631695
7.419249791251936,94.72226662999964
6.143415285369969,72.31521250999725
-14.08064948776661,151.94209204627566
-2.261780242114355,6.06852889516145
-0.27444685700482196,8.977533649300538
-14.722489135949061,167.86172981434189
-17.59429242503215,249.18195623741514
1.6639109000451882,19.42424308346994
6.32608741075348,75.3237315715076
26.960626663068666,844.7178967176437
23.022530426531453,632.1270289466923
15.40946764956228,309.0895638411556
19.17383407104807,454.3312492682761
-14.340421833964685,158.28601104019234
-23.001090930297508,447.0458202626242
12.339109615086976,211.61006455347976
-9.758451680992799,66.19357248629998
28.928746360569164,962.5873514364204
21.432819403309615,555.0970251881236
24.705908208063185,719.2055332174966
29.880401542412784,1022.3600025054754
21.325899862940112,550.0976044159096
19.70454509146544,477.0872776274566
-2.171836287120975,6.029527709571522
-26.605109086951387,611.4113931807777
23.62989060795774,662.8912925758805
26.74929841832146,832.5221595457008
26.39303279880407,812.1643115139639
-8.187320807498889,44.2829387749087
29.850545755898146,1020.4572649485614
24.86940461769762,727.9649045095501
-14.16620824531208,154.01662306829962
-14.462025629664996,161.30208279442724
24.32601683163177,699.0591622193592
-2.1485579396168646,6.022069461423208
28.774612218045746,953.0767571710905
16.403956405188055,344.7056113640624
18.01372017032005,406.5489950558756
-22.82619900567653,439.730565024042
8.346941414824592,113.05919664181232
25.817418375231377,779.8087650626602
5.1682151528520635,57.38330847757793
-20.813895332418532,359.9626575791998
20.582884560694865,515.9866750816705
-22.07437437987337,408.98050674331625
-16.21275227224535,208.00232715221534
-7.468353964112257,35.90289507682224
25.98698597764092,789.2713841126695
17.711273874971106,394.53431777411845
20.06720098290141,492.96135921976503
1.5897232946719058,18.886113332310124
-19.800170339755866,322.84606412432447
-0.31822956649966727,8.828351790995898
6.334463450076257,75.46328100065702
-14.007503041684483,150.1801292960621
-19.356228636718257,307.2386724900389
-11.001967241307064,87.0354142135655
-18.01620061354179,262.5186820932164
-16.42391098811211,214.0492081929812
22.055968583795845,584.6896245045727
13.242285299654718,238.3272611560703
-12.408164971543272,114.32989807486035
17.00316703958225,367.1203575342653
-7.819108660288457,39.86202560024412
-9.35953959650817,60.162823072571655
19.401586752775778,464.02791553658767
10.19599665204153,154.7423343366082
21.049717382801894,537.2894714270398
25.32018224332456,752.3923578084665
23.202490580211624,641.1655314456556
-29.297815532204858,751.1707328302848
-0.5807510610463993,8.014267550720922
-2.5348032410582135,6.28601450664637
3.4943335720029296,36.18770140043847
-0.40306056521578526,8.550215558368928
17.367576745915756,381.10302900893674
19.036271247616938,448.5247080033151
15.396113995933668,308.6247821595192
22.63082557023389,612.6775682712876
10.257603418597142,156.24884156760436
-26.242066833322717,593.6778043512853
-21.202855255076784,374.74964994743004
23.652745512238553,664.0633523156753
29.45388050134477,995.3465985928767
16.693759146225432,355.456631017087
26.339744340046728,809.1411092592106
-11.984705323045194,105.69434038804702
-6.075581012068568,22.610360585933854
-19.391661541006442,308.4698911569226
-17.8475368017048,257.14442268138794
1.6315389389880295,19.188075065386304
24.456253909285707,705.9333709125951
8.710184292974674,120.70804758948141
7.160406925225516,89.9130550357196
-5.582926765122377,18.837364204230298
-16.88745059544656,227.63618523186213
25.433541276669395,758.5991869787234
-8.362669927234265,46.483568602931285
-17.818953441368638,256.2392879801887
-5.04880568463992,15.295216102692688
15.009591102974909,295.3261894904032
5.939229621146261,69.0313669772862
17.153377553924244,372.85187172316904
7.395292997905138,94.27153051648531
14.738759116325383,286.1860567543661
-19.399060513387642,308.72730674852505
-22.627011369651285,431.47359804372337
-10.149407647774783,72.41284500961012
20.562901095448446,515.0845058429886
-7.794530348886063,39.57658196416164
15.491645334488986,311.95765650755027
-17.89715768879674,258.71962258246924
-22.601638545454175,430.42751075754325
9.401164508905559,135.98655215912774
14.275016600634068,270.87616535091445
-2.326194529839988,6.106402871297531
-4.085682611225366,10.35007195476786
-14.635403097959598,165.653411447927
9.371494385578927,135.31088456125306
15.652458650254836,317.60929639895676
-15.602385858077476,191.0249010320261
20.144591635087764,496.38293868479894
20.939957747821687,532.2416614718443
-8.725122973188498,51.22727900450769
11.865312050148155,198.24687824798363
8.830301885427346,123.29543892949113
-20.562571948934362,350.5690773593648
-16.416133937139435,213.82491769354334
8.808653319560449,122.82698658244512
10.179081992208964,154.33003817294866
-24.96338391741526,533.3170009386058
12.08829399162525,204.4800275944641
-0.7596204033898317,7.5385415436868035
27.351733014247813,867.5242309396849
26.105517671068448,795.9201235587408
-21.013553200181054,367.5152052961152
3.3474624273671907,34.59535441210381
-15.846123377857804,197.7151325948604
-23.40649280801291,464.2379343395084
-17.819183440613163,256.24656472776974
14.243093895584984,269.8380993007902
-25.258272797438508,546.9472535200681
2.4566328259441477,25.861576145282918
-11.577364020732816,97.72590158562744
5.967885095291564,69.48719289176945
-28.218492323377504,693.409339711005
-7.082899861928876,31.835871006396587
-2.788857280808866,6.622295809485158
20.074057172577312,493.2640000582119
-13.940752295341174,148.58156537869553
-12.78630870458446,122.3444554705945
-0.7070633281944225,7.671685237299684
-24.19726273819871,498.7184730686249
-14.646649691236489,165.93774841285196
-6.901876765086477,30.028395820094666
-28.293284240708743,697.3367961627027
-19.8594932468923,324.96149903579163
-11.423409922095509,94.80065455984808
1.8328531676663253,20.690763404889786
-29.258346485870344,749.0174531437602
-12.979183650835967,126.54247363878379
4.85291166310251,52.96239826228641
-11.53403514899335,96.89782622224065
23.479065556093445,655.1827816117074
-22.52191429436167,427.1489663051259
7.759359868186735,101.2451050367738
10.313928071341955,157.6328245461834
-27.599688697472036,661.3440614074775
-6.642952289937941,27.557005966639977
-25.761210113659406,570.59510606547
12.036675964762125,203.02827213973075
18.299608002776388,418.0740850663832
24.493077100049767,707.8831342291813
-26.38659039491121,600.7057910891756
9.122270455583418,129.70490008714378
-22.49511074229659,426.04956433900105
-24.87558895153099,529.2925698794066
16.001387824767328,330.0499636176813
-18.624780080416578,282.3833127222158
15.463739542817414,310.9821988193646
27.34882752664467,867.3536771887359
1.2806107266127924,16.762406739566913
-21.393205457072746,382.09641790023613
18.535849925269105,427.7211321531751
-0.17678885892964047,9.324098864923082
-24.429594840251635,509.0867246978428
6.546977148162604,79.05081837121375
-12.368442067328107,113.50459090353915
-4.407619250268937,11.796630454265557
-15.138502282602822,178.62024222995956
-6.418946019309761,25.527083921573585
-26.26488690209425,594.7847363714251
14.177022101281125,267.696044065338
12.622424635877287,219.81530223191103
-3.966974918658977,9.868990330633489
-16.89301688627412,227.80195197484605
14.243329491234306,269.84575296080214
19.044736818981782,448.8809477802075
-6.374907609567295,25.139816592249822
19.309886695518657,460.11127097584307
2.0506803266212756,22.408011108476643
-9.164529237705857,57.33047919794207
-14.536835784465488,163.1722514866544
4.84323568612664,52.82987465587715
7.136018730796174,89.46683824945853
19.702743831060047,477.00908979661494
24.565100707309128,711.704575589476
2.3397900031583774,24.83377727151339
18.864573788711084,441.3304393845696
28.176676046896766,916.631777239353
13.969177432140633,261.01462785918966
-0.22069434643709585,9.165928608800913
-24.29317076888342,502.98546293059826
-15.75372087713728,195.16483796620184
-25.294886543449593,548.6517390721889
-28.257673113658903,695.4653973437656
17.566516145285725,388.84855406372697
4.5416315749825955,48.79294366280927
10.287182566364962,156.97485541918303
23.949298116526272,679.366072740354
-6.61984848695969,27.343000042463736
27.3392961424195,866.7942981325917
5.866684178444878,67.88471996339496
-27.432884663377216,652.831622300648
11.130287915634021,178.4044607474448
25.135477590878082,742.3341440850465
4.004871068600771,42.05847655051856
-25.396741446023263,553.4075102920627
-9.881274536576722,68.11448832089262
8.135799581339299,108.7344331530779
29.513943180862775,999.1286148066474
1.7870012490617029,20.3413784603949
29.356786510610696,989.2480602720169
22.43852584887707,603.2415456662327
-0.6627800807601361,7.788157112411868
-14.402238833814165,159.81552809096814
28.595069722480808,942.058291323462
-12.546594371607924,117.23065283923194
-24.470928808834785,510.9426415317211
-25.722317436364364,568.7483445516367
19.062938064985033,449.64735992939546
-26.261513820845362,594.6210528790706
-26.987426026384128,630.3714594240189
-27.54165163869015,658.3759684322033
-12.90775586289633,124.97913796454927
20.906324088195916,530.6996832334644
-5.167408246211174,16.032474998166546
16.826044268717695,360.41994280771837
29.098307571242366,973.1047337955903
-9.844133047983892,67.53042327447307
11.506235832687892,188.4184063681824
23.451126086435835,653.7598190676547
27.180337256447245,857.4920824000031
-14.96762711000221,174.15935286406426
28.740291192713627,950.9655026128271
-10.664704973746684,81.07711228207052
-2.6593715574327668,6.434770850751312
-22.50691885363443,426.5337208695473
-29.97462267049365,788.5795135564971
-28.39778026360525,702.8428028455868
-2.1825599649317304,6.0333281407958745
2.711484659339092,28.198087695187603
21.678920038520552,566.6912541906502
-15.93748353015095,200.25344715322896
-23.80292649454041,481.3676037263322
23.442934803636724,653.3429314221089
4.407619813210289,47.05759167064505
5.568777115382723,63.28638702234121
6.50060163110269,78.26022809070571
5.975924949864279,69.6153788058675
-28.907741629631346,730.0265596069958
5.455007096382843,61.57713080711855
-16.662278635174232,220.98241477548675
-15.282680246283258,182.42959452500347
16.22127146721725,338.01473388202544
-14.223497364697659,155.41388782477063
-22.368033021441377,420.85676916252635
-19.252281443172713,303.6412149944415
-28.328434710960984,699.1864743293352
-13.110695324216458,129.44755058756547
16.13744277075417,334.9668302623827
-13.17631224014724,130.909955289265
-6.2964629961020755,24.459594276874427
-29.74003277145727,775.5094181615233
26.186858670506417,800.4990017111028
-5.284871584919955,16.790381329414537
12.082728332579102,204.32323728922617
-28.425328908445206,704.2980079195098
-13.1038892915107,129.29635739812602
9.071722163348852,128.58303166239017
-16.272046160139965,209.69130159716593
5.188106908575207,57.66888092910662
-13.699246187435353,142.87236135422063
14.9145577582863,292.1022641584033
-3.1115202109773783,7.235477179411195
8.005993383311711,106.11990358687775
-25.682397178134718,566.8559361029232
-19.483164615708482,311.66104497996116
27.826606364816527,895.6264472417138
23.104428274864283,636.2323190078052
-6.605794298706861,27.213341122000628
-8.945225118892342,54.23615195209315
-12.11473316882985,108.30782707662675
29.0551180071541,970.4203544382668
18.238694743526565,415.6047649216498
28.061223084173612,909.6771333164525
28.222530205172298,919.4013320025518
-18.90202657325847,291.6785022831355
22.253016882658926,594.208827910539
7.580242913824591,97.78105428788629
5.460097946962264,61.65306137827059
-2.578096788392216,6.334195896749394
12.787084867206211,224.65787886995892
9.24721238880894,132.49978651897732
9.922689956183163,148.15053579127087
-26.8842199250146,625.2244012764937
29.730572236368324,1012.8292144473883
4.902454111262507,53.64387275808469
-27.288574636280053,645.5120071347068
-16.396023750382614,213.24549982158032
19.245815431046957,457.38467333011295
29.71506086637487,1011.8450857578628
5.037029818969856,55.51978867307092
28.763087375039937,952.3675448443415
27.667265861444726,886.1466636936436
13.618721034524256,249.94444675429045
-17.192518638117043,236.81262256953372
6.13414840246962,72.16437023339907
20.247715959640836,500.96086542085754
-10.324157952348163,75.29160561564116
26.88461858548706,840.3211908290646
-9.640189063901094,64.37248893215387
6.334687144233968,75.46700979225898
-13.908660292440771,147.8161899607555
13.534269106472266,247.31351667229865
14.452372501041062,276.6805609130121
17.529319750148353,387.3943299035345
-24.106830125131786,494.71193818143433
-25.460974887833547,556.4173426875564
25.302369571207834,751.4193842028154
23.467867450065057,654.6122724540833
12.607251979376187,219.37181038898953
28.26252958082317,921.8206966301973
-25.264241271662456,547.2249219461228
27.192042371772708,858.1753378353732
6.376829509414215,76.1712726297928
17.157593961923098,373.01340640991236
3.748895084230199,39.04979468948615
4.54212154958833,48.799354369588016
-18.982024467219404,294.3891550052385
-24.02563079147056,491.1284117621761
22.96972668176592,629.4872505620929
-21.75993598150717,396.4550699932617
1.2656012911890677,16.664151793015705
15.784770465693562,322.298060517406
24.443043208916613,705.234534148631
23.930301587974462,678.3805404433109
20.712265156286627,521.8469885294716
-10.696925346272788,81.63651047864207
-21.77881273102571,397.2014330489847
-29.922805791002226,785.6830832420275
-11.58069148463959,97.78964932384555
-1.973619524534854,6.000695929485767
10.247699979587338,156.00615478998367
-25.85935656778048,575.2688958284896
26.933691734524807,843.1585173885092
-2.166548855760034,6.027738521354976
-14.557755973392315,163.69723508727037
12.384524809015687,212.9145539811878
8.366605061186547,113.46650049461854
-20.77767997554897,358.60126526413273
-17.360065652438838,241.93161684723134
-14.214020598833825,155.18229918873698
-5.812286913288705,20.533531509232326
-27.32212126948676,647.2098255865939
-29.085538365885853,739.6263885698745
-25.437523263925645,555.3174967470558
6.1809548612693135,72.92802244212601
-13.632630270017348,141.3180869989239
-21.146557367647326,372.5906590326101
15.735254367153878,320.53924746765074
23.75648869174006,669.3967097277335
-18.237193033832035,269.64643761792354
-25.45905715286196,556.3273625012439
-25.519223439349943,559.1538711900678
-20.839756962510037,360.93644240644545
-5.965974676514033,21.728955134750592
-3.137821902064097,7.29463868081676
-28.96808038438828,733.2773596188279
24.096583615090125,687.0316763793903
-17.589524825933754,249.03328429840485
-6.578178047132358,26.959714231244646
-23.660793401901884,475.18997079987616
5.697730926310882,65.255061413883
-28.23612694805449,694.3343572344311
20.592999626928624,516.443632142397
-23.687408493310866,476.34368715573225
10.865852881558332,171.53017036990286
-15.217180500679406,180.69386038753993
26.216856885556396,802.1910124999713
-23.52907262906706,469.50096826764445
-10.44436407657329,77.30728465772148
28.922434767817094,962.1969719699034
23.66743488141131,664.81721339149
21.82656236325071,573.7050740498752
7.529883494014847,96.81867940949662
-0.16971129085746028,9.349956758814665
-4.407804761525167,11.797523769623265
-16.530464133014135,217.13438792081024
14.078639830907775,264.52265881205403
-5.742797039195857,20.00852967661327
26.8910462810136,840.6925552116697
-4.321635706423773,11.389992353341814
-10.088048288866652,71.41652512303878
-22.51170765554875,426.7301509466972
-24.952668788202928,532.8250045009449
13.804898496213987,255.79481647562716
-25.139504066824955,541.4366484586087
-3.729359377886439,8.990683857883772
17.434365261126544,383.6945531028822
-2.782229510397748,6.6118830069371
-20.8443905638711,361.11105572371423
16.782488545284814,358.7818759537553
-10.029685542514809,70.47584991167135
0.10551258537995523,10.433183247193384
-7.791203481000316,39.53803775835018
-26.33467286616112,598.1763035030783
9.104764854102342,129.3158024649066
18.954466474754007,445.0896652415896
28.498162214345086,936.1378984525064
27.938982726032513,902.3426866696733
-13.922438499175616,148.14453976662492
28.151728752827104,915.1267467840606
-6.41747318636186,25.51406935222601
-18.62708191194001,282.45985290636264
28.451581686915887,933.298827234911
2.6721150183788183,27.828658744960904
18.771493218202565,437.45493051383517
2.5956809462316457,27.120283359556595
-0.18214550981108601,9.304594947499996
11.316228809552058,183.32194970834422
-24.911999618282177,530.9597265081626
4.060234982985918,42.72644804900633
2.6864821046577276,27.963114517277123
-16.92648311147841,228.79989807725022
15.184531176133262,301.30811174349606
23.06987571515247,634.4986683731917
-12.585699053490846,118.05702445107697
-13.72073039902888,143.37552108671971
-4.402943641943452,11.77413814635646
24.002836287398623,682.1474949892546
29.38585423481483,991.0718460490439
-11.762673333643793,101.3097906194396
-10.15048080799636,72.430337401517
15.834977790665619,324.0864327935359
-24.381485548702905,506.930895366797
-8.344100668616296,46.247613293537725
-22.09576189285094,409.83964605416
-25.112051679928328,540.1669328556778
11.941661869391453,200.36993568044358
-0.0501939814613408,9.801743509929578
12.583994118155069,218.69288443838164
-3.394010093205722,7.943264139959426
14.019742536645047,262.6321509403947
-7.368170283672903,34.81725219450882
1.555807166920431,18.6437646083227
-14.779283556611848,169.31008822028997
13.780422600892912,255.02173746277182
-4.671260351210869,13.135631863951215
-3.5466501084014475,8.392126557818209
-2.589948361251185,6.348039068942959
-10.492930626159552,78.12987062075888
-17.580043127481062,248.73774385416988
-18.596506423588615,281.4440254682181
-21.745012098688207,395.8655027773437
20.886316512833915,529.7834835256143
-20.610137383166617,352.3372134203356
-18.87820555750686,290.8738228414554
-1.6916127892385653,6.095102671761218
-13.344977194343251,134.70850754016845
18.885486220304777,442.2035346585408
-26.945941859726453,628.3000152688525
-11.019918399761274,87.35892793835197
25.34111107432993,753.5363547788468
-4.66007468450476,13.0759973271431
11.750070188892394,195.06443019946732
-17.048178173180343,232.44766633178125
7.263600979095443,91.81430309989805
-12.72881706282179,121.10751556749597
6.863647765056378,84.56425170298891
-21.441568677622477,383.97459264671136
-7.884358021382006,40.62566932380276
-25.801280143305622,572.5009364601144
-25.534338202235254,559.8650746171896
-9.777770174173327,66.49370888226018
7.576275037144512,97.70504358703712
3.738660133257895,38.93222012504352
21.26482086096125,547.2518896926179
5.995777144718232,69.93245214799845
2.3549444261420547,24.96554095478575
-19.627698948560546,316.7357702210826
18.952344317056955,445.00073238050885
-22.11156833037972,410.47518070753245
20.847216313207447,527.9952932624925
21.639504308692125,564.8261639606735
21.08965292745748,539.1320723104457
-27.215695163252516,641.8312825660763
14.731781524690291,285.9525129899673
-15.859466171305277,198.08480255355533
18.62124785653223,431.235863160535
16.032853100222432,331.18379093420174
-2.492485044155778,6.242541518717118
-9.88547319630884,68.18068752970517
11.05667666564483,176.47680555119416
-21.470777988222665,385.1111954666562
10.282452805205239,156.85864691209403
23.690807973231998,666.0176143174808
-17.709622750139935,252.79224695171425
8.713315828819383,120.77513604803194
24.364830674582336,701.1042964993976
26.67457705340715,828.2313691917838
-1.8165165225706161,6.0336661864895795
-14.127415289128063,153.07420159497707
27.004205215705944,847.243920194784
22.649768001101044,613.611062508105
-8.188619309639137,44.299008959638385
18.138966646866265,411.5779776035919
-23.172458351682188,454.27299265371676
23.236806912532387,642.8964231404425
27.149051684286917,855.66721409323
-28.70033797866138,718.9080481747474
13.252514519960897,238.63919918161798
1.7911619209089764,20.37290871055024
2.5254432431617673,26.479636547078496
-12.07632717128211,107.5323692627181
11.896104928936424,199.10173219601117
28.1956100893768,917.774868669674
-12.066045196870622,107.32526590544212
27.52363728419919,877.6451584889566
19.58894544425769,472.08256539513485
-6.672474243799915,27.832015558973588
-25.974331292340374,580.7685609148908
16.92179735614785,364.0344151871237
-8.65153148614474,50.242871111174864
-24.80906865606474,526.2536129570749
24.860883383873556,727.5070561620545
-14.255578119477526,156.1991950426163
-6.048554748150597,22.390795548772743
19.47869335996311,467.3342684513234
4.4348261980322405,47.40698819888206
10.814131141162434,170.20195690290888
-23.127479274374558,452.37038048912643
-3.677204354762715,8.813014447635014
-19.507527724407474,312.5135270208964
-24.100635886131023,494.4381065713425
13.77904226550232,254.97817481650856
-10.191655728634402,73.1032235764688
25.21451333629725,746.629736131501
-14.477764461868151,161.6946059658598
-26.98307738942715,630.1541558461063
12.191715210535634,207.40478061694847
4.996591143416069,54.952287628128175
27.31098100364904,865.1336073962749
-25.698227673126645,567.6059948473455
-7.6151789873512,37.53023505999045
26.782469198740614,834.4305331764522
-5.882190143702761,21.071400311862867
9.946915042061882,148.72877902224445
-23.857366281138244,483.74446074783907
-10.277742408793515,74.52101938633865
-23.313414708913093,460.261646554113
-28.45202314264224,705.7095283388807
-1.5019315862315246,6.248072144793845
-7.205289575727065,33.09503956717285
12.95110383087895,229.5355057617232
-3.845635506332499,9.40637042223522
-8.102324252912979,43.23836128768994
-2.291963559894448,6.085242720306239
5.786183747776363,66.62465735413676
6.000068919581963,70.00110271806132
15.15137058713345,300.16951301718643
-11.883867572330352,103.69083818736348
27.83395890735141,896.0651040855325
-6.1123562433427985,22.911473872160492
-2.313940038523988,6.098558347788443
8.05946481047797,107.19283227324456
21.338901302296016,550.7043139983147
6.593614550957433,79.85021105042733
2.3250552687906207,24.70610307809351
18.48316018627876,425.5598512167553
28.73922651729815,950.9000468817658
5.782881195754811,66.57323970723384
27.313426289637462,865.2769608380088
20.89456227228642,530.1609816396008
-18.306355081827164,271.8972160546306
-12.673202971029507,119.9172616607931
25.23619835877541,747.8105010385605
-27.210587929171886,641.5737437345073
21.413836395754473,554.2077347671568
2.338072640891106,24.818874237647933
9.676958358888754,142.35135651522194
-27.816280746938872,672.4803516047667
-16.623786327181296,219.85512654305467
3.9172969264155526,41.014402915366944
12.894711154978921,227.8524203902535
-14.225534321897786,155.46368945590075
-18.874996784982812,290.76551649318026
-19.57262437094854,314.79712728245454
-18.203123385938,268.5412074599309
-28.126226583095413,688.5797154712413
-4.653823659582791,13.042780016161398
-15.86452533152438,198.2250626684812
-4.9233319422856034,14.54586964478732
-13.573522442116126,139.9464217181656
27.021750419526413,848.2619974132815
-25.520298611652272,559.2044467812918
3.5629377471331054,36.94627637847835
-25.042388509133346,536.9516682058404
23.77095157602652,670.1419451339036
18.867134230074285,441.4372909759379
-17.376930963874102,242.45000586775012
-22.705253270137142,434.7075129805248
17.574408853588885,389.1574819674589
-3.0793791186198725,7.1650592817126135
-5.218472047319924,16.358562319379704
-18.30480130389204,271.8465455593996
-18.581518345930263,280.9467506564219
18.058124153903258,408.3283445733973
-22.799451992777165,438.6172031998419
-12.374597680506298,113.63227703236666
-2.7953065349103596,6.632512484471123
9.361381495246718,135.08098948053456
9.617064547521878,140.9561887012897
0.8921088275183848,14.364293470209766
8.557343339912642,117.4574983967978
5.397826751854609,60.72784065045572
3.7916324998215245,39.54300701298892
11.856375517744539,197.99914248875024
-7.491793340254571,36.15979409206445
15.34943802755128,307.00299987184246
-23.29215314322271,459.35578547444874
14.081533832825457,264.6157304163098
-4.7094546308730365,13.341144396759343
27.55233498978152,879.3405033482651
8.307261470210136,112.23963901527841
-6.010211090167843,22.081792987705157
0.18276051136129823,10.764443449958236
-28.792318377907165,723.828324063142
4.692272369398381,50.78650946621302
-17.716509771382405,253.00867939395863
12.670512104174655,221.22392539873508
11.477953998876835,187.65524399584007
1.3869394348313016,17.471358735215375
-8.067577046727951,42.81549121797988
-26.229603568377048,593.0736890807098
-1.8054055013029853,6.0378670189231425
-26.23247005667349,593.2126050475772
-25.01635513530622,535.752603714537
-24.775071038464393,524.7038608070995
20.04308854188399,491.8977524653372
6.046062846028391,70.73912732223849
2.158816420147815,23.295754016491088
-12.933871100066327,125.54953723286562
-5.51911625484405,18.384179215107615
-10.883512690433793,84.91679772109825
21.576036174095364,561.8294816822531
22.68699941021363,615.447939879888
27.643612623009354,884.7437693430395
11.487153198215914,187.90330139214575
-10.856261937870144,84.43337551216744
8.961403580679494,126.15236845853325
20.106722610426623,494.7071845743477
-16.616792817718117,219.6506322760959
25.165556792209813,743.9674758307767
14.179299276084109,267.76972506509577
7.569257197215059,97.5706833064522
12.072442087479189,204.03362630545564
-6.470700899763955,25.987166535150237
28.931138689492563,962.7353406286237
-7.565286734090158,36.972416432639896
-12.46570716954913,115.53102655875206
29.346302922363996,988.5907069006056
2.320319891223477,24.665163962501236
-4.602783248208112,12.774480637152774
-9.55515982771798,63.08044002236356
0.7215669504966655,13.40692666603572
14.543576080140426,279.68990951939446
2.5535729273488315,26.735026404684206
-18.13512068405445,266.3421194890017
-24.363110462133587,506.1087095415887
-29.233607409246403,747.6693725209607
-11.655375588125956,99.22627774777865
22.610661589133194,611.684663854836
24.7394308768424,720.9971636174326
26.348281779670216,809.6250798595825
-0.6688656227011265,7.77191873042686
-21.89856978186014,401.95307936355744
25.81042991095633,779.4200118322144
17.554559376421025,388.38079240597546
-1.538212143999072,6.213248023949934
23.53764262810828,658.1711910009732
-19.025304766715887,295.8610023995587
21.215427372476114,544.9560680867132
16.40785061614394,344.8489643062708
-10.880779822146337,84.86825024944153
6.962267000112568,86.32222978130673
7.441434894598949,95.14069286895067
-17.40987050984694,243.4641091302504
-23.294844135630946,459.4703867608157
0.14169245107918016,10.586846555009547
15.43893585577397,310.116483781799
29.88931815399434,1022.9286123266729
20.469210791971655,510.8654336140555
-22.56245934889168,428.8147344748228
-14.863763121257755,171.47640163983104
21.48646218673386,557.6139060488795
21.27128506609116,547.5527086272774
15.585786623886989,315.2598911808825
-29.395787308299735,756.5291622415969
25.76378363008366,776.8276814581013
3.7558930145032576,39.130304394407396
-20.26295387829795,339.5354843608381
-8.538061983810277,48.74625450414517
0.7409644496639558,13.512886114321631
-21.41515924247434,382.9484084106367
2.2743185443238474,24.269799018350735
24.819354690886087,725.2777860355535
18.384733416968686,421.53735648087985
-3.716664616272002,8.9469374047603
-15.384956664543255,185.1570649117009
-10.475841883334265,77.83989563128334
28.738454175116743,950.852565075752
-12.37268510945006,113.59259637980702
2.1492896241003265,23.21660438466663
-29.39289960760152,756.3709489121355
24.093467381261085,686.8690399769363
24.475645382856527,706.9597984387722
-16.305260096491722,210.64046642827833
-7.501975681899399,36.271736404212355
-7.856443311522579,40.29792826107755
-23.930751408212508,486.95785732881495
-9.642615505785944,64.40957176927974
-4.456848835847847,12.03610620220692
0.23984471681361796,11.016904355437877
26.508779233950364,818.7504934101196
18.326123773331737,419.15130764880166
9.011830469222836,127.26041028290443
-29.479303600218344,761.1121263529728
-14.741369822070915,168.3425049427794
0.3527052030315332,11.535221772371647
-6.9306429183050575,30.311239587831814
-11.92292996198304,104.46453903042074
11.257975327127916,181.77390977473257
-26.453331969939775,603.9654444320787
-9.235740180398249,58.35593595822968
9.252862931755665,132.62692416088072
22.618832185966824,612.086898200796
-27.856198569905853,674.5430044864015
15.060809775595729,297.0712301990628
4.875828845645778,53.27702231461455
-22.513798502678537,426.81592900849614
-17.399101174364443,243.13231697831236
-16.87708810565154,227.32775050331855
21.851346563607926,574.8867328973316
-10.268354704091966,74.36568951267974
-26.498293274763967,606.1663733763454
19.829241428148435,482.51578132839194
21.737313988334108,569.4600753807622
12.757223992579853,223.77565996717445
22.958159121057847,628.9097067120431
-27.9948864030503,681.7341191074895
-18.208316655536237,268.7095288061334
-0.30220154657550324,8.882519588450613
-8.97545143954547,54.65692278545697
-9.953901509631955,69.26454922492549
-15.991677186979729,201.76703050464897
-13.735424674276885,143.72019228562672
29.839928121812335,1019.7810228021759
-9.842655090333121,67.50723886592802
25.138741084150332,742.5112676325491
10.177270173446622,154.28590887711272
20.863721632972393,528.7497669100497
24.162978745337057,690.5014568289586
-23.624782945785693,473.6312374523438
29.235100478845297,981.6315019235617
29.83442467707492,1019.4305945203566
-27.762801338405957,669.7219328021718
18.04166419144989,407.6683035628448
-15.150633249577751,178.93915486489988
27.297025845102084,864.3157233685795
19.383051638309396,463.23489736660616
-7.976087588407495,41.71362286431811
4.016543194530648,42.198792011653055
21.390805971558798,553.1298039991108
27.055635255381425,850.229940093764
-19.240252896089057,303.2263199211071
-23.44591312692668,465.9271898476861
21.646772977519376,565.1698722503406
15.157836399798377,300.39134992224615
-5.733061274119194,19.93574647632842
-29.322462396127953,752.5169513878261
-22.295984633738755,417.9269922529596
-16.734774154332396,223.11356937918197
-23.99595501237654,489.82203690649266
-26.11431862272179,587.500362638147
-13.275282941452378,133.132005409807
-16.263569798128355,209.44942338607933
-27.505802420449935,656.5459571110298
-27.81909584721314,672.6257103675789
-20.01372888809157,330.4944284536648
26.15576115488556,798.7468862109627
5.00525166885739,55.07355094402925
19.850592614521467,483.4483976057801
-9.116068156803514,56.63842601227297
23.785717824212107,670.9032437098899
11.548970614398286,189.57460470982826
-3.671784419321412,8.79486314468583
-11.481556370565592,95.89991120821296
-27.374189914523768,649.8495138183198
-28.839501020930378,726.3588150525228
3.83174575738758,40.00925857880804
23.960993727287757,679.9731953082743
4.121455623362699,43.47221894879881
-16.965008283796106,229.95147293408604
24.417198105159542,703.8683557272449
-1.0677102120454016,6.86916424872443
-23.79529171838192,481.03474108936757
-17.999340285051606,261.97888955687523
7.735481548239257,100.77960097610703
-24.973506764151896,533.782013042533
3.5271314393512156,36.54918194786464
1.508278457952823,18.30801773853584
-24.31626685439698,504.01576631665716
3.6624510640058787,38.06335205226131
12.20664976407901,207.8288975192062
-19.74216940979588,320.7845753658967
-25.863638557688134,575.4732452119797
12.387913921646827,213.0120670167186
19.912977967571983,486.1786034072952
10.722023873644787,167.84989144158789
-2.059319464366993,6.003518798852787
-21.48374056240607,385.61614630314756
13.582036260143575,248.79985401242917
6.752442474873462,82.60524927596909
25.531811175216617,764.0006265877826
-17.45203971629263,244.76553139388488
-14.831363672239862,170.64389368927684
28.11033214522417,912.63210189572
-12.9185958850138,125.21573610024029
-20.64826736220411,353.757875612247
-0.2537340966818533,9.049444605091542
15.85477465314267,324.79297791450597
16.632578947158535,353.1729982220955
-27.317185857311628,646.95989973366
17.69872712830543,394.0398504754362
28.397827252508968,930.0279016733768
-10.153615324840935,72.48144286548094
-2.653388949703846,6.426917119595095
29.720263634306647,1012.1751250299167
3.685132191562424,38.32072803553937
1.0565501085763565,15.342498566238136
2.6023721512886695,27.181829418957495
7.229272914830659,91.17947853642681
8.299517404451272,112.08005876459467
-22.51818362950305,426.9958594540069
-10.219793254324781,73.56500114384318
6.537999888675536,78.89744209902346
3.5631779409259963,36.94894880240561
27.19850207787782,858.5525235918353
-14.50069114725056,162.2672791589485
16.531946031897824,349.43302372917356
16.262447542057984,339.5169902264197
-28.891278870245593,729.140879277317
27.851403684707797,897.1063019473863
-6.863937883005555,29.657891729736562
-4.879220436889312,14.289910324201085
6.48988200235781,78.07809641395906
27.772304693530074,892.3901267643928
5.982025606339256,69.71273278025558
23.873965953708847,675.4621141736845
-25.681829710141383,566.8290584201351
-6.770158734906545,28.75441435620521
12.62052288834289,219.75968952855834
-21.6165939836047,390.8107595175962
21.755598888584345,570.3284785553097
-3.3560398846993458,7.838844168895415
-14.365529210583558,158.90631265779524
-0.7026740625888017,7.683054587879845
27.70170846504621,888.1914857425977
-14.586320994680214,164.41547618112793
11.340175025862074,183.9602697206342
17.47414653911045,385.2423834267475
-17.084889324788822,233.55388594112776
-6.610141461157426,27.253404291882724
27.798135744741543,893.9288938620437
-2.912819857128241,6.833240091567623
10.706106147749452,167.44513343787642
-12.475909327912088,115.7446762466355
7.43314457954947,94.98421665868355
-2.5036728246575315,6.253686314298497
-20.3290118695945,341.95267611573604
11.780737873553434,195.90873633959004
-22.71476583774128,435.1015237124532
-10.679215433804977,81.32878054639852
-1.1456140246910849,6.729975394804566
-9.52941183408635,62.69204256727957
-16.89138614659472,227.75338136699312
7.551954483128988,97.23983444776798
-18.98347432083317,294.4384000063998
12.289881755090938,210.20072057448087
3.8814815198035078,40.59182486779018
-18.346575598964016,273.21053381264574
-14.69726110382694,167.2204395387565
-28.72818499911417,720.3958733468717
21.221565578754536,545.2411079283975
16.72100582063615,356.47605893629265
20.966837089325836,533.4756058876328
5.930311389327841,68.88983873170287
-15.41119496201823,185.86015030926316
-1.3091338290394674,6.477296066177668
5.479690069468447,61.9457635353049
4.2348065291655885,44.87281245612586
8.861429688529498,123.97065487886998
9.20943755630499,131.6514903287008
29.96761019119959,1027.928101336488
3.8372512119802664,40.07350171176509
-6.054033345452538,22.4351863660411
-13.85651000627825,146.57682952897625
25.96203290695137,787.8752842894314
25.62022490944218,768.8768240481702
-27.503896292702706,656.4487261089348
24.55617930356111,711.2306592028874
-19.559188595598236,314.3251041357871
6.128658955617325,72.07509641673775
1.2965803280485524,16.867441859276703
-18.235344674556785,269.58641670165935
-0.8592301416545176,7.301355869709572
14.519768886446428,278.9027640616035
-26.476616031680496,605.1047323623187
-3.071947903229244,7.149072307237573
-15.214493777827755,180.62284580424844
0.5253287854940183,12.377285474844694
5.400143876597149,60.762129394338274
3.3436051142780983,34.55411561733905
23.05955101407948,633.981097027252
3.9797121315616124,41.756957176345125
-13.357655314983347,134.99633425396948
-27.613608898937592,662.056960827735
-2.097518140408255,6.0095097877086845
12.478252984546607,215.61980948453274
-27.69224772215467,666.0915930165618
-10.36782040876378,76.02041839332364
20.069503476470032,493.06298369792285
3.3037829325758707,34.1301133958831
28.792204278051926,954.1598443012795
9.45331091941565,137.17833101680577
21.852684564845426,574.9505609500152
28.123584011521793,913.4303136992113
22.928856205774224,627.447871728168
17.924624673322832,402.99066837278497
-1.5135580627605165,6.236625758305301
1.3650896858390595,17.32382859374042
17.527322802817075,387.31633584541976
-27.48173906597236,655.3190258263019
-11.486332685888613,95.99050782735867
-17.123481607032964,234.71969591826436
-29.325834630283396,752.7012382415953
0.3640724313733372,11.588838460779442
-18.17854825030436,267.74542348742625
-8.592639292537974,49.4628928415156
-28.96303949074694,733.005498579579
21.475198140812935,557.0849277504271
29.27139610155198,983.9002141401603
12.734933416327962,223.11826278361843
-14.146824074462916,153.54533509595188
18.186525549678358,413.49581376781714
23.71274446080964,667.1452277068967
2.33675637259568,24.80745583524924
6.201177773194885,73.25931686754582
-23.950341537759527,487.8174936242913
22.010709061667157,582.5141496440253
13.385662246544157,242.71860276473421
0.7096798130970896,13.342364689505878
21.460456626649517,556.3930251309032
0.6125838431138746,12.825594337299663
-26.511108600545594,606.7944448277402
-12.12224653721891,108.45987496024021
-20.962304353411916,365.56898639142446
12.729589802873633,222.9608157609189
-19.086675772139785,297.9544889422287
-3.50391447494291,8.261758747942809
19.222477242719677,456.39354031775457
25.699539406270574,773.2644833195363
-2.107156779497707,6.0114825753923204
7.424829885126101,94.82741836356607
-13.436393011760554,136.79108511944565
2.6222274845428686,27.364986918863494
-18.49627556891965,278.12710764573535
5.374564782586596,60.384205732566485
27.490395112452603,875.6834038885684
-21.608063361608366,390.47614879284833
7.562687742801565,97.44499686632727
8.3538470782822,113.20214932045286
1.654984173161111,19.35890930605821
23.60150179006868,661.4368939068898
28.83254216565711,956.6456563970236
7.607827203685176,98.3103435758729
16.581873369926612,351.2860179359878
-24.84347284577307,527.8242516555716
19.053997991014356,449.27083140563656
21.92337095917837,578.3276780504591
-28.2080915017324,692.864060163178
-15.65695929233269,192.5125371124322
-28.78929350474423,723.6662464833314
18.34180362710758,419.78897480380715
8.235037144604888,110.75598535144178
11.630558000579065,191.79211140714995
21.045111420018557,537.0771603610697
19.930366484123482,486.9409741279665
11.583696148800875,190.51680106294774
-10.949213045518487,86.08841413407828
3.7301764946557228,38.83492265990495
-19.58276146008842,315.15350056237065
-2.0986664138019293,6.009735061212534
1.5080620969177545,18.30649967583099
-19.622933365546675,316.5677804064983
27.559945760579318,879.7903933683912
19.132173139602664,452.5687416021443
-0.7070333150214623,7.67176284846439
17.140014951698788,372.34017235125316
15.164386675295383,300.61616993905767
-14.052737154089394,151.2684729055669
13.65053132569566,250.93913077658115
-9.416783319861324,61.008674813773155
18.35648026024699,420.38628858582535
-10.682777111485084,81.39061836772926
23.827110028007887,673.0396123988256
-4.8928985943859935,14.368862277400456
2.6988444612050557,28.07913927059743
-10.010003538236369,70.16015668255915
-7.885013134868231,40.633379597571604
4.463770118203108,47.780324140975424
-25.070023296070143,538.2259748812191
20.79127268839371,525.4421107567211
16.381961236668786,343.89649890639384
23.96648584532749,680.2583871555929
21.094296344706912,539.346523657143
-9.885949414257901,68.18819816423454
-8.07265224762714,42.87710532061095
20.49482696662981,512.0172402586156
0.1573762059331152,10.654272093926362
18.37076724877472,420.9681583037527
-13.87119640152616,146.9253040036076
25.815022006097784,779.6754491997041
-26.35682565802232,599.2549561352944
-22.694475842454302,434.2613303939247
-25.307618763158573,549.2450924087416
19.434208727347773,465.4253037675114
27.788785169299885,893.3717218627007
-9.824239928483763,67.2187304584796
-22.90727367752812,443.1140926270602
-20.03744909184235,331.3495697408045
-12.635801183787027,119.12026682104552
-24.343537272372537,505.2336578419007
-5.623161239035802,19.12729736405145
-17.23860887107093,238.21520032548167
0.9813067334362096,14.888189838832083
2.715811319091884,28.238876397275135
-11.658411391479582,99.28491060706256
17.907231850348403,402.2978799435259
15.316721228839626,305.86883411734493
7.8672257478099255,103.36214395824314
10.108924458665697,152.62605154567234
-14.375905065119305,159.16302618084566
17.50317425061229,386.37380584974625
10.147718728829453,153.56707031475386
24.14226337152415,689.4179341861334
16.754802001807192,357.7425981269911
-9.02437018842528,55.3417765440378
-5.203767822454026,16.26412826019181
12.528588332916463,217.07987894735638
-7.335272464424648,34.46513226964785
25.802345344356397,778.9704066468557
-14.131985013988164,153.1850603796334
28.272343980854693,922.4148100951893
6.181291097195171,72.93352401704496
-3.0850104564752314,7.1772476906605895
-0.5774221286078713,8.02372780017456
-25.44561793575865,555.6970003895677
29.345885017727866,988.5645075446164
15.585641629689576,315.254791527871
12.46510249943281,215.2391903190973
-28.606937944596286,713.9291467875976
18.564366956029986,428.89318830225795
-6.582206956156874,26.99662058905244
1.1381918248814955,15.84824792975305
2.8234216446674694,29.265396362246634
24.466938884963817,706.4988539404097
14.815241680479296,288.7523527729282
10.095477172277093,152.30056802507625
20.11168839100474,494.9267635008938
27.158890598177507,856.2409009164846
-19.974355734817795,329.07746408177735
6.554750128470573,79.18374976056728
-24.372405310426714,506.52451937400946
-21.95518465798596,404.20939473431827
3.154573387256754,32.56962680461557
-21.981460611700026,405.25876817691955
-21.257439806770115,376.84898791137425
-28.618949601263015,714.5684778745805
-5.604121411396086,18.98969114808372
21.13983037435363,541.4517497538588
-27.464696695716192,654.4507778048192
8.919206651427118,125.2290738965702
-6.541243249681177,26.62289025277485
-8.481615280607102,48.011336645799474
7.30962187620802,92.66905947797093
21.553978864121042,560.7899203314607
10.659175286690541,166.25471893915653
-25.56014441314986,561.0804047684766
12.753961772300983,223.67938797851875
-28.624649591675656,714.8719658795147
-28.30904237767872,698.1657108304947
-5.991837160634262,21.934763917020604
-29.15069545346303,743.160263606698
-4.685122359789236,13.209882087040118
2.264613977230553,24.186932374790196
9.15659874433453,130.4696955420868
4.784421621512273,52.028376738443214
17.916901358624465,402.682959729177
-19.50261021526405,312.3413643474654
-10.377577127010099,76.18379851900278
27.09631616787855,852.5956145411506
-10.568735114190886,79.4232214571679
-21.264757981397203,377.1309000818072
-0.9627641676754983,7.075858171857902
7.5258394037431415,96.7416163459055
27.41120204093083,871.0188054924538
25.73986274556463,775.4999851427644
-22.04520699024359,407.81032328171045
-8.87333475678123,53.24273067877688
29.003252394691614,967.2016590489513
-19.219343056785174,302.50577530725576
12.91057171518279,228.32514887360907
-22.569202597217235,429.0920954853682
-19.020001553109058,295.68045286783473
26.964807715131244,844.9600859745265
-26.05448954894014,584.6184674600704
-29.711353994168142,773.9191401900986
3.1213993520425873,32.22873132310223
7.05959048557672,88.07617976635223
-21.277454189497593,377.62024002817833
-3.573138439672512,8.474764550375266
17.740114199501768,395.6721086093713
-20.84449957919017,361.1151643900985
25.347015713592953,753.8592684394998
10.162451579661628,153.92522842761363
16.51865358502299,348.9405306020848
-15.323522592045428,183.51625426074492
7.852067348302022,103.06323103547882
9.594588913326206,140.43449206902696
-12.08761321165235,107.75994030790305
-0.8393494210338339,7.347109766454496
-8.747149186728262,51.52402214796784
17.419254833691376,383.10745829584584
-2.648956711225189,6.421144813044213
-25.2792146501886,547.9218347295555
-3.5943260806593997,8.541875651470763
17.541633892822475,387.8754552011081
15.294483581354399,305.0991623457369
-11.58672279707541,97.90525398796538
21.843650924668175,574.5196894174295
11.135446474387955,178.53995408151093
7.517310288667382,96.579195130774
-28.191715379642336,692.0059545281928
-5.7803508899105225,20.29105285084728
7.716963991902517,100.41938921993011
-15.60010994341446,190.96299047296085
-29.103693937800088,740.6102250739411
13.295314972531678,239.9466601089517
-12.935199516084968,125.57858845658491
-7.000181805080246,31.00181808385554
-18.208513412309415,268.7159070370142
29.340632552058466,988.2352487631467
-23.21788569751373,456.1986734727576
18.840040184795427,440.30727490388824
28.07833662825523,910.7063343226403
22.389624212528105,600.8537692283371
-16.500042026352197,216.25121876597993
-4.553922748539183,12.522521405505934
-1.7789393217113982,6.048867823485416
-17.800773522806374,255.66444391901896
10.198122685250183,154.79419704441514
-15.85950460089059,198.08586778210744
21.588377348964066,562.411545957121
4.985311891443196,54.79458222073772
-27.525661279661577,657.5593837640142
-3.0219453904411537,7.044372381043923
16.202805644632214,337.3421333362544
-12.380658560028625,113.75807213989556
-5.6016564951354155,18.971929508951124
-19.313847870462144,305.76932808150656
-6.295075349249654,24.447672255732037
-0.27573822563619643,8.973078666532212
-11.280433193699515,92.12644026271978
-27.820419574392563,672.6940669976747
2.860592065488639,29.625355227091113
-28.266834419475806,695.9465904201589
-3.2336233010197617,7.521826448818894
8.417192851902705,114.51790691373282
-0.6511150855107104,7.8194905125367775
-14.770094863230764,169.07532281591273
-26.163558622236064,589.8775652902389
14.296003231246388,271.5597213127927
-6.580349719727678,26.97960355500942
28.204604551096743,918.3181360881341
-10.634652678963835,80.55722688633733
2.431655342263241,25.639569072610325
13.827692499138792,256.51584984729436
27.755104167458647,891.366224016315
20.110644329778815,494.8805926779801
-2.05336656977353,6.002847990769393
-17.7472272913187,253.97516736445252
-23.670513720502655,475.61116491049376
-13.30522273921737,133.8080611833175
6.389430243607741,76.38253981236025
-18.90126594524834,291.65279055201125
-1.0185512468635523,6.963241655033088
29.851107097743864,1020.4930233519495
6.213149804812765,73.45582971629597
-4.090744174005547,10.371211201138138
20.460102318580923,510.4561961611241
28.242302029642815,920.5968320521379
-5.3717833843615,17.36892319105629
26.314501356416095,807.7109870624888
-18.106066313315644,265.405372088921
14.957921165096039,293.5710902416122
-23.88688448402913,485.0357124172351
6.08560938066519,71.37707905670092
-24.5154926983463,512.9474114492856
-23.263842880243324,458.15101403567473
-27.836738316279718,673.5370468239165
-13.181191866906538,131.0190515645769
13.99109562267266,261.7151392134607
-0.43756401161160596,8.441206217811217
18.096685789086322,409.87677970526414
-19.850139795246662,324.62749070984853
-9.387345964887931,60.572880404946005
-26.873018021332364,624.6670254895245
21.102762917465547,539.7376544206212
13.844410290595789,257.04533745673774
-27.627011966335765,662.7437423227165
21.59894472759347,562.9101922560116
-12.745054156892778,121.45618883455876
13.225410580550808,237.81312734634847
-12.040614031257412,106.81393012468322
-7.397188809227298,35.12964704244838
-19.7197384798934,319.98913179581484
12.579730743405435,218.5685485502016
-18.425535527131878,275.79821735307144
-25.485650619382803,557.5757850157158
-9.944107912341021,69.10885052291921
-8.619474246403605,49.81743929880058
5.404775058251467,60.83069366330301
14.33760521091245,272.91734402763365
27.63231422364303,884.074046248717
0.8953985218112912,14.38333260010701
-20.261460375516222,339.48093504654906
24.410673345224453,703.5236665481493
-29.63935600811532,769.9340005433405
27.695183853988688,887.8039441221904
11.633275416481062,191.8661985816269
-18.497750638966,278.17577614550305
23.97709849964518,680.8096464602679
15.444192600126541,310.2998554703096
23.631473009464088,662.972408634886
22.643104643547915,613.2826064728529
4.542315523887886,48.80189241410443
23.186982453440294,640.3840851099093
-1.1597982710925123,6.705938945259131
-16.975412482200426,230.2629790120443
22.954230571901718,628.7136234356343
9.817327177809808,145.6492216274023
-23.909958362959255,486.0462754666082
-23.761403719892918,479.55869186016935
-20.389626053506515,344.17834638780556
-20.828105236439388,360.4975467944363
9.757029989745497,144.227754179775
20.0974382492739,494.2967771804731
9.10208704895458,129.25633684256502
17.801898948204048,398.1152019548846
27.774696378683636,892.5325444427965
-9.076757646776798,56.080498791213884
-24.587655229977653,516.2021687883368
-20.227488218306554,338.2413267485042
-1.3870765884247014,6.375675108457103
25.36319916479087,754.7446685320118
-4.838119489959858,14.054922239290008
-12.815767377278707,122.98082395940632
12.191113982127895,207.38771605374583
-19.715676494808797,319.84519366872087
-19.015341974398012,295.5218625057108
12.296566720969267,210.39182000712594
16.091588322918902,333.3055680459755
11.352392390439455,184.28638254826546
-14.176089580918507,154.25715748255223
-19.017442189821857,295.5933386839289
-0.7590810251939786,7.539879902033627
13.485334670843805,245.7955898680372
19.890348054336386,485.18733793998877
-13.365499216315698,135.17457243607274
-25.532493397212754,559.7782454898618
7.689454580355367,99.8855300647696
-15.337751369270924,183.8956115884884
17.22724041354536,375.68677392027195
-7.7225617889433735,38.747713428274785
-2.173930227807862,6.030251724145295
27.31105708583113,865.1380674888513
16.539658597119875,349.71894089776083
16.742964103205274,357.29870337404145
18.383433672699518,421.4843682893405
-17.187658093682785,236.6649583706082
-26.4856065074107,605.5449260357533
-20.048660653387532,331.7541513811393
10.889042711778046,172.12742202603877
-18.747723628678198,286.486246742586
-4.726423201443215,13.433383473367869
5.72868695004842,65.73260197184875
-17.515299236405237,246.72451039519694
18.17218166096334,412.9169129629057
-3.380487778572366,7.905746506787667
-9.248932065709067,58.547016093265114
-14.68397323593453,166.88317704990348
-10.3906845179688,76.40358668008132
8.798057606418283,122.59804807152773
-11.84385727102892,102.90152597238894
-27.98119727950167,681.022612076385
25.39016665849651,756.221229580214
13.70447359867272,252.6304910114085
-20.643507601777642,353.5803756975407
-9.035587476776115,55.4994911433689
11.363710871412245,184.58876825470182
29.264189013092675,983.4495146463847
16.533543746017912,349.49224378555965
-26.620943063613115,612.1908373416788
-4.337718363880629,11.464927148824728
28.00551701875036,906.3310515625176
-6.221484387014087,23.820930429803703
3.080777281408885,31.814297783280658
-17.305554764420606,240.26000664667833
-0.5398872421100407,8.131929265753023
17.567395663755732,388.88297306196665
29.60498306669031,1004.8749546457811
-9.442905159376952,61.39683721148005
-6.672054176193537,27.828090225287475
-22.019978346417393,406.7995329910213
5.513720258014025,62.45599211569035
19.095256586167487,451.0098504362427
-11.870799630092947,103.43268533744305
26.210949029664057,801.8576451543034
-18.43409862023995,276.07959745977263
-0.8053745295456878,7.427130014658187
8.669050470769463,119.8286379478261
27.001393134702376,847.080803753562
23.115127071465942,636.7696078158814
-0.9612826415990874,7.07893375064337
14.711492399018653,285.27397820245824
9.721706763669317,143.39840945345102
19.93455216199714,487.1245785473734
-25.322540634982076,549.9409016703901
23.192960454134138,640.6852564435665
10.57321912817445,164.0858392450919
-7.9833003004424015,41.79988248527413
-14.095400549635047,152.29871445611178
-11.979739436056352,105.59519921157836
-29.45944297914464,760.0210087248959
-20.913653658888883,363.72629472840083
15.570807125036247,314.7332630252245
2.5774627113247064,26.953164873568134
18.896152185926866,442.6491761774161
13.50067329948287,246.27087273730115
15.639108735433432,317.138156980444
-8.341938445926743,46.220183251923714
7.968962354041352,105.38021041629369
14.668330984131991,283.83325779657457
7.761339679250369,101.2837523337077
27.547365857570405,879.0468291211173
-12.125105710066897,108.5177656400293
1.8111962086884716,20.52521654112138
-21.600626563294618,390.1845616737306
-16.52139594717042,216.87094025449744
-16.88839621714795,227.66434191878537
15.366027411613707,307.5789080609187
-5.883550382679751,21.081963574812036
25.114575460003465,741.2002023762221
-25.870845369887974,575.8172586731021
-24.14398394362631,496.3560248955799
7.167369493728586,90.04066343454551
22.395518375291488,601.1413167991846
-26.2238564249347,592.7952200958501
29.818464162016667,1018.4146616295391
-12.643996156081016,119.29465417066746
17.308849542605486,378.8316706589761
1.5682238983921941,18.732221789057185
3.877584772696572,40.546002760234614
12.95216278871024,229.56717206009117
-20.281464198147365,340.2119332281439
25.687491321955285,772.5971757033493
27.413491284293123,871.1534695311875
-4.962763239061811,14.777966010736034
-26.944928521407657,628.2494589381372
-29.435381790625563,758.7001739973887
28.598064945967863,942.2415784376674
16.758092076401823,357.86601834676884
-2.9079628406703932,6.824396520038249
12.36484323799781,212.3487212522514
-5.191838096404176,16.187830433657034
20.519006754822747,513.1056652237526
19.332130375322308,461.05978634974866
9.619872869201352,141.02144549640167
-17.603305874189125,249.46315420350484
21.84546965417134,574.6064230280062
-13.059511826889285,128.31280184910398
-18.77087293356393,287.26217895374714
28.299110203872324,924.0360791464
22.390204657033337,600.8820832119707
20.620864155292487,517.7034951321965
11.546697023422979,189.51300024441701
6.9897656551087834,86.81588653377345
-1.162806096489419,6.700893632075284
7.198486876774879,90.61216082219968
17.624126113061344,391.1063257013361
-2.686149536377279,6.470801186270755
-4.157972295826752,10.656844429555786
28.644718312303894,945.0987604404536
-14.806053501202502,169.99500627566084
19.98133247891191,489.17897754846757
20.184851889001905,498.1676533369514
11.317357372097774,183.35200737616694
2.689199330662163,27.988590362682476
24.663894775553175,716.9632846017719
-27.022418049494522,632.1214050436693
-25.504572421641615,558.4649247241955
7.708483910517224,100.25465984077181
13.096598807968597,233.90729556875885
-4.982982893849879,14.898186945001001
14.27490772748498,270.87262153815027
23.45503178254222,653.9586430502346
3.23794084730374,33.43602431985302
19.166922889847406,454.03862462474603
27.600627418750122,882.1971435836615
22.859817503977673,624.0105263310747
-18.28940960451435,271.3448652636444
12.393570031670365,213.1748582565992
-22.610355589202925,430.78675751338824
14.44201150130592,276.3397422090761
12.85303162342224,226.61254840638108
-4.375101393752679,11.641106630605918
29.222612180209964,980.8515113557955
-25.344011252997195,550.9428613800596
-29.15505907311494,743.3972332643621
4.872332339643052,53.22895178650374
11.206281582579521,180.40587323837906
-7.903689045862183,40.853544350233136
-6.183120778455063,23.498499447142493
16.136003787935756,334.9146333960201
-0.010692588968481687,9.957343975584923
29.414262602782266,992.8558948765644
-10.205411883952845,73.32878418531457
15.185555288131077,301.34331056141
13.829677828045796,256.5787001397247
21.861859830929106,575.388354590908
17.883046658030665,401.3355444054244
20.310377031427237,503.752923284436
-12.447386020028851,115.14787465149428
6.111614968933722,71.79829740422963
3.730636302944255,38.8401924366226
12.659910409964525,220.91297322818625
18.697836535023228,434.40043723054237
-10.381966718390014,76.25736606819787
27.94537688854988,902.7255969972973
21.093243019535116,539.2978731593074
13.56747722727728,248.34634722179672
-12.124018682624143,108.4957542861227
-7.089153245892447,31.89948076017763
-15.070621799820765,176.84115423394982
-17.95948990471843,260.7053180188095
-22.653253560989747,432.55688265453557
-4.005234102815365,10.02096380709374
29.255738744152943,982.9212044427434
19.672202872614328,475.6843773517527
-4.116168539727621,10.478169288532932
-14.928902136693317,173.156510460193
-11.71515099606949,100.38415887643
19.36000087421523,462.2496373464754
-21.594528062542174,389.94552999375276
2.8421154482973776,29.446082014640112
-29.182872459979613,744.9085551755181
23.225170431779276,642.3092233123115
18.431902703402805,423.4626480813189
1.9448293494766347,21.56167859649225
-15.272237894046759,182.15229871617075
2.3692957249934636,25.09074513244616
-9.670876816619817,64.84235113575538
-8.670495810951458,50.49551436392095
-10.548675507075941,79.07985292528011
-12.083520385459511,107.67738336397754
1.132612431332923,15.813260644941568
21.619479903353387,563.8798309049146
12.478824818544567,215.6363681261021
-25.49496476601001,558.0133693560518
6.714655510994788,81.94522067531184
15.015122541307676,295.5143950957166
-3.5582810847613544,8.428239939125023
29.543261367602405,1000.9773377048783
-0.23747255291639036,9.106503001723066
-22.64968896365798,432.4096542958182
-12.996932102397516,126.93251566474103
-0.49244703933849365,8.272715929199274
-6.753845962498573,28.599051435163986
11.86445356595248,198.22307268245245
-24.5191675836028,513.1129086583871
13.198070707581891,236.98135323265873
-3.7753664689863946,9.15192609920122
-13.506468401005229,138.39881506333182
-1.2642506655480048,6.5413270831465535
-24.696951764005775,521.1516193776048
-14.78644866091022,169.4932693580928
-9.25997939912007,58.70730087564782
1.7424675296713517,20.00606321064439
21.68973565149232,567.2035752375863
-5.12066068147924,15.738523088930474
8.28384675386318,111.75750405694227
5.765956345501436,66.31007796023403
17.5648488375952,388.7833100379503
-12.915785968954701,125.15438332002833
-14.479835406761145,161.74629177984912
14.655131311747297,283.3933990115453
1.1516977808704247,15.933198901943559
27.36461931404469,868.2808674587664
-22.96108265226702,445.36698595516935
-4.719805044663033,13.397339480974484
29.377513820102124,990.5483735306998
-15.695367535268103,193.56309192607551
-2.1022920743979086,6.010463668484627
12.841991424643652,226.2847094491957
17.407874429668304,382.66558987777285
24.722849528725355,720.110686934897
-24.60581714476479,517.0229687825416
-4.276928791059511,11.184404719555726
5.015274838098506,55.21408105405802
-24.21996057541884,499.7266479731675
10.878768677377991,171.86268264541246
-29.589396077885727,767.1747759424563
-7.331523177930862,34.425139396814
7.044521513926675,87.80336941588247
-12.097858103444874,107.96673827730733
-11.7143854517768,100.36928470569273
15.160516198167592,300.4833161875723
21.72529838301172,568.8897833629385
27.27393855693179,862.9634786350176
9.05372686110146,128.18487751983594
15.955587179497492,328.4031109605347
8.396166352885814,114.08027483687512
-8.556973256102399,48.993898281242096
-0.269127553932492,8.99591942455572
-24.68364732443995,520.5478559395717
20.8106386200076,526.3252342525823
29.650792195293846,1007.7726465896737
10.360564895604838,158.78356453845865
5.373619719026628,60.37026776081833
26.492715709076634,817.8348484782624
-28.161735294755832,690.4363936328731
23.55113414712619,658.860456204438
22.632037841081697,612.7372882044806
-1.3749612125165953,6.390673485858724
-10.328666634002008,75.36668790033835
-28.156006975480963,690.1367009014089
-18.55237429143858,279.9810946838768
15.004692292231809,295.1595599534879
2.280072895739359,24.319023992842702
-25.41405647491142,554.2180406103414
2.7451746993078245,28.516682926951102
-4.3549587974442865,11.545830937660241
-10.46749258351543,77.69843065188881
-12.697179561896725,120.429650579461
-27.196400659064828,640.8586061721224
8.051690829781954,107.03648853752263
-14.863844202300207,171.47848766105264
10.85029826333352,171.13016545663248
9.76648070766226,144.45006824378817
24.114066740351504,687.9444817195326
-23.992342987373313,489.66315007426806
5.802068909225447,66.87227926430236
28.6191608241815,943.5330095770911
14.539142428710782,279.54323227718123
10.77213126044289,169.1273369339825
18.318365984450907,418.83599627809167
23.235787632400253,642.8449774276055
20.80698015278771,526.1583436896525
8.754483242615386,121.65890981569515
-29.77754869859134,777.5922117026133
13.5852496989325,248.9000081780756
-20.283173536665316,340.2744345718189
29.77573726786781,1015.6974789165633
26.429726729695112,814.2493619251408
-6.162062434395036,23.32276370780233
3.819835003966766,39.87047947339685
-5.988352020161873,21.90695183672929
-4.387248679207431,11.698956256377624
-28.836928456680685,726.2207289889975
11.597374964633254,190.88860592883518
27.899449439694045,899.9770767968206
-11.357694065322235,93.56643822016699
3.832716464017736,40.020581349623555
-3.243391638748136,7.546022767308775
-24.08489330153879,493.742512140353
11.08470608006877,177.20953320178864
-0.2925640476528244,8.915337531367706
18.962207634141798,445.4141488968727
-27.99725481360789,681.8572578436585
-22.63811699073024,431.93187292306817
-8.006254984226842,42.07509893554979
-14.267802499043471,156.49897815553723
25.53031323545904,763.9181468424912
9.830969225622162,145.97183281761866
-20.524402913994294,349.1535033200003
8.516374173646511,116.59412576013935
6.903476117570783,85.2718869761533
20.613888825593534,517.3879678163041
18.5589608345218,428.67087059540125
16.497871968795295,348.1712673739427
27.980035158053255,904.8025080781092
2.984164199942427,30.84189277198773
-8.408931132412548,47.074398260006774
-6.1972789436191995,23.617150530549104
-6.411802995113842,25.464005667695467
-12.536551428808139,117.01891601191883
-9.137607007042988,56.945433786989156
4.543860053458701,48.82210439925251
22.376170835365144,600.1977045949062
5.473581382558841,61.85441868173012
-26.224791366793852,592.8405167646899
13.99749152786093,261.9197351839822
-16.5934592041454,218.96905154305608
-9.780611961060753,66.53792248860167
-1.8476134271896463,6.023221667572885
-27.723349012557527,667.6906844218444
-8.600847103566004,49.571182484655694
-5.24482821045963,16.528910115394645
-22.521340643951344,427.12542182508935
25.730528007982123,774.982183601481
-25.933738713164033,578.8238487900067
24.040199296672895,684.0919794104436
-6.854906848515483,29.570120507762546
25.703801520386946,773.5006186809941
16.28700566853371,340.414576320984
6.969199231960339,86.44653486259793
7.4705491077308395,95.69130040194139
-17.612556934986873,249.75193404820675
17.625188142833586,391.148009641616
25.505275944388842,762.5402047769755
5.4081970120598015,60.88138296949177
-14.496915190267877,162.17288927274802
20.715445686108787,521.9914727185583
8.475020693361301,115.72605852634749
27.629626361634948,883.9147583300926
17.54334636407669,387.9423871062696
-13.891167096613689,147.39985491958805
4.750571489008635,51.57021542821626
19.199147802506275,455.4038675525066
-6.577390263491004,26.952501624302243
12.370908986389225,212.52302509508257
28.775900932013478,953.156078177108
-21.274196313730386,377.49464354021796
-1.615322915615451,6.147976459250597
-17.265544569508403,239.03685100364748
18.68064180192134,433.6889453393763
-15.912538827194915,199.55873661820607
-12.936380952228856,125.60442833227414
-24.12415497001628,495.4782331372962
7.057471449157958,88.03778905231157
28.467946587389186,934.2957692520004
-0.45514509313948537,8.38657668325101
16.048935356717408,331.76406751096374
9.244688020550036,132.44300867950147
-18.026938884231818,262.86276999890185
-28.14521258738796,689.5721412397098
23.252851171637722,643.7064922968847
16.385012632440358,344.0086894949915
-14.00593029592282,150.14236227055738
-26.336951287910907,598.2871979901483
15.495535666526415,312.0937682586979
10.392652938604023,159.57784685669094
16.055127373502785,331.9876244734096
23.413172573467413,651.8293402488364
-23.568295842359028,471.19138554352173
-18.486741538083113,277.8126465435551
-17.77852435178727,254.96183071994386
-13.263828430588646,132.87383091373707
15.03996321492702,296.360346366066
-17.058919175693603,232.7710467400725
-2.00091609422914,6.000000839228637
0.5627311208457222,12.567590797751171
-15.84491620637582,197.68170476156786
-6.819327599303804,29.225918509411372
3.4677779674931983,35.89659590180405
4.407063271394925,47.05045976365784
27.811980722139346,894.754194577208
8.507815095955877,116.41417809079822
13.3249579260645,240.85433543564713
18.073270499790425,408.93618855775657
-14.075387459094983,151.8149822872684
21.254081988202024,546.7523291140218
28.062646341517812,909.7627050551744
11.082874228010809,177.16159806594942
-22.62520406884424,431.39904288146903
-0.8105002114165103,7.414909747040166
5.856800977334636,67.7293215974465
23.71481481038346,667.2517007323165
21.20434069074578,544.4414268922003
-16.290726281698724,210.22485765843464
25.340732059940507,753.5156295734587
19.64411192172173,474.4675808800167
21.521573987131227,559.2644428320884
-21.988665670818524,405.54675529975896
13.57651423729903,248.62779578477938
-24.33814591756879,504.9927630345952
15.465798049246224,311.05410149705324
-19.190896275586887,301.52691475798713
-3.5982478948272885,8.55439633331986
-22.95293520914491,445.02549387862456
13.272069371058414,239.23610287442054
16.131238315375406,334.74180284893714
-12.029147122355212,106.58379200184584
17.91935796234464,402.7808216320228
-25.474514602100882,557.0528358042475
-13.7269919479829,143.52234014805578
-4.0058973525210675,10.023624188851027
15.898145019297466,326.34359513180266
26.13988296753476,797.8530134265529
-12.598082270518415,118.31934781267675
1.0059431427126846,15.03569417722141
-2.1109754581068216,6.012315552302019
0.4388314669240643,11.947898924058983
3.0549192196066386,31.55220831674859
5.958038705263874,69.33038003447791
5.15268832101836,57.16095021763245
-15.284299271893602,182.47260714523287
-28.309397656289445,698.1844050367686
-27.636305001284562,663.2201341188878
-13.74513066178309,143.9480942623573
13.737018891697943,253.65376359765796
18.17607641090939,413.0740593388543
11.585156483211136,190.55647667333358
-11.710818920680659,100.30000411024946
20.490799848732948,511.836077835766
-7.432385686995076,35.510814252268965
29.347371612568644,988.6577070164744
5.943118925747235,69.0931382685639
9.620519164728904,141.03646565783174
7.32499100196619,92.95545718675041
-13.759475574171972,144.28526577954725
-25.793354950074708,572.1237397802446
-12.577090794808324,117.87484968161898
0.4655275287492202,12.078825995020237
-4.069366281595158,10.282276807402972
18.942920432806197,444.6059162548513
-24.373508788298274,506.5738955000601
-5.058285621529425,15.353110942853622
-22.789475402141182,438.2022874962333
22.735321907314706,617.8361498584828
-6.673718230359018,27.843642096790234
-3.700534879630844,8.89181887684109
-13.957348200911746,148.97817599784736
25.763498658108816,776.81185773881
-7.819743801480019,39.8694179148651
5.273009073291668,58.89666098018293
27.927564958153283,901.6591443244844
4.580859481795336,49.30771151913558
-10.368295042455323,76.02836191758233
5.859215744064471,67.76727211175086
-1.4729661680529418,6.2777646600168
9.541514993682384,139.20656834939527
-15.057166803305241,176.48960492933642
18.775248106073633,437.61093386891605
22.765635479461658,619.3367007015701
11.805494923088247,196.59169007141537
12.938158575872706,229.14858163791925
-28.811965720942645,724.8815058210034
11.983351275160828,201.53411288454197
-1.0850843819566478,6.83707058813965
-12.577616045090014,117.88596119734571
16.18328626056755,336.63189923374455
-4.614731195554516,12.836819225005947
22.116848179125284,587.6223660949786
19.27374024829978,458.57202415213
18.188935138997593,413.5931020466518
20.177190518480856,497.82777929299715
-0.06584945190752123,9.740938342686436
-26.18787956336323,591.0535177717645
9.136192555899711,130.01478464207617
-22.921601761379254,443.71342026174756
15.884107149711824,325.8412885423736
12.931515737761053,228.95016222700602
-4.0245698960801235,10.098883264113883
18.63603897189614,431.84610444961635
14.732460873124175,285.97524687063145
21.428585027968673,554.8985964127578
2.433902646165947,25.659492675677388
-21.38949589459914,381.9525510466769
28.555248138414882,939.6231888001062
25.405069328533237,757.0378249017132
-28.66427416467028,716.9835167287031
-29.148508206571346,743.0414978422718
-3.8745655666582444,9.513996063700745
-4.164194660391722,10.68373852806804
-27.419003824438498,652.125755426819
1.008625789307402,15.051829140085587
28.390912709836527,929.6075753369034
14.286109535092123,271.23736378901856
-14.403697977719773,159.85172352248958
-9.551960066510205,63.03210084616481
-29.5454678428389,764.7527986808719
27.43058594298374,872.159388947352
1.0182716759266164,15.109963909700866
4.719768536761805,51.15528918765389
22.124736857687694,588.0029284526752
12.676075281567833,221.38718567024634
8.885747684461577,124.4995026497606
-13.204804300616885,131.54763941512266
-0.7381765973823633,7.592198299393551
-22.33885120917261,419.66886850886215
-27.084685134142468,635.2414282790681
-28.792025894691896,723.8126515418411
15.139809266038668,299.77306167618497
-2.887872751479307,6.7883180228194355
-17.539602017320814,247.47923085672107
22.679476142334885,615.0765426600768
-21.82222643299525,398.9206607609356
-24.826501415876237,527.0491668889998
4.290159271232284,45.566103657469455
13.115617535292735,234.48189347324922
6.762060942369189,82.77371195779165
-21.702532124004176,394.1897720974165
-4.550701764941643,12.50607949367641
-27.660198312827838,664.4457774536526
7.9954625188853115,105.90927096644108
-10.324112603096516,75.29085062903026
-16.485551766829563,215.8312099894991
22.4276248878161,602.7088576598526
-27.873400853991168,675.4328717513109
-21.461828121516156,384.76275383143707
-28.817290268757787,725.1670573588112
15.314780148792202,305.8016116010085
12.027411289972868,202.76826749805826
7.884033308426211,103.6941144420788
6.615475584417943,80.2264195457017
-21.86721628610682,400.70628295894807
6.630874344174778,80.4919919449344
-12.751484287477084,121.59441438386662
-8.333833941921633,46.11745240383853
12.283305212068413,210.0128077811007
-17.394877244260904,243.0022453658622
23.05181493837508,633.5934317065929
6.107555005852305,71.73244817292077
-13.800967634950233,145.2628371211429
-6.074959356032998,22.605293753320872
-10.522268528293402,78.62906086834019
4.666127538327025,50.43725635724192
22.206624114797755,591.9606510351082
21.61123435215891,563.490387632569
13.475610433404015,245.49451828648318
-2.795955807690838,6.633545647796774
-28.042527291613375,684.2132277344275
-23.891892580329966,485.25496074870625
8.502771668809181,116.3082127271408
-22.567872249834274,429.0373688855028
-21.222390609799273,375.50030075569924
16.7422787584026,357.27301305766923
-29.58543567315663,766.9562612778624
17.936469920650566,403.4628328970048
-28.824578522666037,725.5580129186761
9.441999152510725,136.91934460605614
-17.013172384509637,231.3953450470028
21.99784170204979,581.89640635664
22.58379699981169,610.3630749279502
6.041696080521504,70.66887585147492
8.256421811281399,111.19418837092881
-13.40161922066699,135.99692085308294
-13.059518880764458,128.3129578739855
22.28589298896042,595.8045982712368
2.681827085630026,27.919504859738943
-24.47303905982283,511.03748458432256
-1.1887370242086384,6.658147615889855
-16.23527256948192,208.64298512744443
3.6158484950520275,37.537754319378124
-5.492256144679395,18.19585298005099
-19.325795035541,306.1831736135771
-27.03076201424797,632.5390470139191
26.47948567581198,817.0811043587797
10.660646871226263,166.29197919789135
-28.490561516776943,707.7498494741435
-15.73907172921005,194.76209198037884
27.095154357909465,852.5280071105781
18.174316063993466,413.00302864990476
11.13698455594266,178.580363223076
-24.120538511313967,495.3182240305244
7.443424408590808,95.17826456076864
-10.289673007043628,74.71867856370775
-19.7492786499132,321.0368925922646
25.443701763248953,759.1567664701537
-15.71168859817343,194.01040421327923
-19.100569617122403,298.4294812300499
24.61357580098943,714.2824169150101
-28.895393069886776,729.3621683837135
22.717578741968552,616.9586988654157
13.527263622481279,247.09591560203043
16.26984524157899,339.7872451512465
21.987324492453673,581.3917363062678
-13.031423934869558,127.69231403081295
-18.682985335861936,284.3219997165844
-14.27338409016486,156.63595702471193
-27.438905774957888,653.1379270271857
19.463381039207377,466.6767256342067
11.889396358804248,198.9153312119647
-3.1014971852006212,7.213296049004892
-23.283033774862886,458.9675266619543
19.03684279055524,448.54875459453604
26.806803542426714,835.8319303319682
-28.313640268718423,698.4076641915198
-21.55286729601998,388.31461949576766
19.671655018837434,475.6606312555017
-0.9602904834332016,7.080995878839566
-28.6379852118502,715.58225614675
-14.104964463678467,152.5301646669185
-14.603577546256396,164.8501669644984
-16.897245768486894,227.92793148670063
0.7626062199342662,13.631993126419495
13.873543765309307,257.96939166919
-6.818933552319731,29.22212058167286
-22.875440871226452,441.7840315680718
16.076219711960455,332.7497190750677
21.112205361521347,540.1740366731361
14.165041205588324,267.3085571783684
-27.61029351228913,661.8871337855986
-29.249781300510072,748.5505809256284
6.85561988089691,84.4220034749366
23.785927232612416,670.9140432455825
21.504894308353457,558.4800564468667
-2.1785789355124088,6.031890436208745
19.091852112475742,450.8662255345474
-22.74684728539402,436.4316722834611
4.277818390574453,45.41100374503481
-8.483292209335001,48.03307787162392
11.112742408234737,177.94401346471773
20.489911703463406,511.7961284295803
-6.985539114688361,30.855600264087606
-28.14507055968302,689.5647145708037
10.647704515119322,165.9644295017697
28.678201427939683,947.1520428532405
-8.116040755180197,43.40595451902516
-14.443634569088758,160.84404128902077
26.925433289751368,842.6806909998567
-0.10620589318706664,9.586456118999395
-14.957664035412648,173.9010572546264
24.36709808384974,701.2238613633526
-29.978088759216806,788.7734506186139
-26.415836507641103,602.1330723678601
-25.963914816151537,580.269213315767
24.08676207571017,686.5191555947104
4.856680021811172,53.01406092150446
25.770406423608883,777.1954729324175
19.336219727380083,461.23427225504304
-10.489065804814548,78.06423823847166
-19.607135930927846,316.01123569017045
-27.822051920663576,672.7783653934455
25.228617661342433,747.3976197475691
15.506063920600994,312.46227399216787
25.92123517566464,785.5953737347725
-28.773700616230478,722.8310446875403
-2.481306657193585,6.231656098258863
-8.821168135866923,52.52833473776623
-26.0496417640813,584.3852689806436
-3.582375086552922,8.503910914543367
-4.207613323407106,10.873556585684568
-4.3513552560081585,11.528871539957194
20.96839111478883,533.5469904019105
-19.58001428151043,315.0569021381107
18.922086060804972,443.73368513572973
-14.027054332949021,150.65003592770782
24.66674077470484,717.1150635453057
-10.491895868163745,78.11229543573648
-3.0651292345528063,7.134500286299048
-28.38077251605463,701.9451585438234
27.477123983210305,874.9008383215521
-9.732729875264354,65.79511132380587
25.195793866253403,745.6112040157462
26.810621217337385,836.051894928891
5.611543190910865,63.93558974710155
-26.47016864688625,604.7891536070549
-8.17014129983292,44.07064365990388
-19.90902468323704,326.73316510479356
0.20803943753259801,10.875438157699271
15.164184282864277,300.60922209612505
26.040188888115573,792.2521928812
0.7578484195579449,13.605727905258254
-26.450733099626934,603.8383491091921
-24.87701905094512,529.358000657306
0.6374408426139553,12.956094198288211
-26.16068895240493,589.7388906548615
23.605625952788287,661.6480804341052
21.207151407610432,544.5718764557548
19.532220142925183,469.636504283393
-15.683154073046627,193.22870538673249
-2.503590393210885,6.253603284134294
3.219817396534509,33.2464936531643
-2.6700974756782934,6.449030626910421
14.344188722968198,273.1325050120008
-22.404349514796248,422.3374791219659
0.09866300843197706,10.404386422960757
26.22132761158651,802.4433321604951
-11.820389102350543,102.4400421215653
12.224567307561387,208.3383150873442
-3.1207103634850526,7.2559917188227985
0.19724865562439575,10.827901654643215
-3.5367016738566335,8.361452034433778
4.931256491102985,54.04231654545727
26.42891680765846,814.2033108567657
-29.214307799397783,746.618549000363
16.316595079344843,341.49765530067975
25.404154610322465,756.987689906458
18.769398933412532,437.36793205523765
26.4419957845748,814.9471242097707
8.410916128355623,114.38717463165524
3.8111707684161544,39.7697056996944
-25.694633808150186,567.4356713023337
-22.504966887413367,426.4536670539186
-23.728519252977566,478.12854892701677
-22.405808758235494,422.3970310776804
-15.572035650703393,190.20015170396388
-20.13890053106939,335.0197124760293
17.402806036523046,382.46888209093515
5.8906304122330155,68.26204830245658
-27.355813589762725,648.9172827987961
17.827674549367764,399.1366780356461
25.216956078811755,746.7626981959681
21.861084248882626,575.3513415322745
-5.051998747702406,15.314696355977055
-6.917503128900506,30.181837022746272
18.07558575047286,409.029143224589
-9.68558445671388,65.06820844128198
-1.1223145246830022,6.770331793582424
15.068501294273453,297.3337364326145
2.4969104511598204,26.22220360575042
-17.517167669902193,246.78249249585787
-16.578183053647734,218.52342114566198
-21.312198259578167,378.961001617254
-17.098106130139218,233.95280871694746
15.232598871146543,302.9624638538411
21.34436121389308,550.9592004847157
9.906449658781888,147.76354347710733
-13.111888385320164,129.47406348781317
3.060533342536033,31.608997710918914
-2.7504208387238975,6.563131435191078
13.700974087827703,252.52058730663697
-1.4937561681371356,6.256282817299196
12.229402849468848,208.47590545247215
6.153183535326214,72.47440176071446
-26.74927911335852,618.5268166309243
20.181366356323686,498.01301343344835
-23.357437558032785,462.1401390452694
-1.0565586391153587,6.890081601427864
4.7392869813733185,51.417989017307896
-10.283137189087409,74.61036169324287
22.560998279594422,609.2426364902401
24.835372613712146,726.1372233167718
-3.385596243864768,7.919876951012153
29.741201343732392,1013.503862743359
22.868036058433844,624.4192174035659
20.2683024429724,501.8772936916905
-9.117200962104654,56.65454953498342
-6.979990852984393,30.80030889580822
29.352794959776794,988.9977517898051
-17.036295533682875,232.09018337625156
22.23089976932448,593.1365036310492
14.043957279220258,263.4085651774447
-2.236907779340431,6.056125295912015
-11.17690670273576,90.21561663071653
-2.328156101912345,6.107686427222306
27.183689438655264,857.6877292518789
9.243410738019776,132.4142850238184
-26.88697478437828,625.3615139182803
-1.959220627277844,6.0016629572396125
10.499055202036715,162.22638094356105
23.43731975568665,653.0572363530464
14.021036490179682,262.67361021966894
25.22034664417626,746.9472714291178
19.951240056285705,487.85694000868205
9.83047807732779,145.96021153813342
-5.491124152424302,18.1879478476403
-7.736378221225227,38.9060350969471
17.297840080483766,378.4066317719257
-18.636227824937087,282.764076243211
-3.127362804876558,7.27094689381914
18.626886049559673,431.46842810151946
13.827735765937994,256.5172194763528
-13.916052961367019,147.9923181781037
26.04423874380901,792.4793267197584
13.362020331204398,241.99166865633728
-6.013936201934101,22.111683833197155
-5.987898746889989,21.903336415446745
28.161021636784312,915.6872261745714
-10.524775993355114,78.67180573688367
-10.400059720526471,76.56100330841126
-12.299752332795318,112.08489811692259
28.306075146671276,924.4581907956864
26.68623108857002,828.899854066841
-1.2832278497017633,6.513762315443158
4.4916194197360895,48.14112269069472
27.477906554569067,874.946974839906
-25.419577771097778,554.4766229764972
-4.581180723367247,12.662493926682664
-8.376990517950805,46.66600806603448
29.158093555695764,976.8267940254899
-13.833025039025681,146.02048157420876
10.99883550896135,174.96972458903446
1.4923431507323102,18.196460682466878
20.769684732981794,524.4585428393842
27.942043621547057,902.5259762346268
16.81897167758759,360.15369500184386
13.721391714308957,253.16215743474234
-25.778638082650467,571.4236290656751
13.754830139216828,254.21467271557495
-14.294384839133546,157.1518985727168
-26.024432224425517,583.1733437060152
11.986834255142021,201.63153248081426
-8.729903928829046,51.29160689126863
-20.940127998968308,364.72844861730323
-27.2278041734628,642.4421034145871
6.6619411490952345,81.02922447038927
-8.123286324047324,43.49463540626499
-15.652620626164955,192.3940499619848
-17.680187240340842,251.8682718921478
-6.518816611872296,26.419703571733017
-26.919241717745912,626.9686077874483
19.322956546307914,460.66847587573557
17.81439777064594,398.6103590133788
-25.48972276502674,557.7670755778156
-18.258617364665884,270.34263861061504
27.89002217336553,899.4134255242831
-6.236203315042729,23.945418526379008
12.173980405116033,206.90172052461327
12.901699902013867,228.0606599696801
-10.215822377906406,73.49973734530766
-18.51000774312869,278.5803556781693
20.334807831572512,504.84364087327276
-23.495749701357237,468.06725522339974
16.126629532031707,334.574698191524
-15.951862118393317,200.65445657065845
22.70795551098925,616.483065533024
23.05889978493353,633.9484584313418
17.274828293381454,377.51900573933824
-13.572056763685488,139.91249774195904
23.283167766487196,645.2385723083371
-21.749636266006704,396.0481326395672
17.618221714830646,390.8746232522527
-0.13729772578474453,9.469659762366685
5.515574524315312,62.483860430537334
-24.814458639196772,526.4995229996202
-24.104783634577625,494.62145953149076
22.974129913741294,629.7071649484278
6.017347971725037,70.27786849972357
13.659748293173863,251.2277166055617
9.945759428423457,148.7011683217679
17.68333125717983,393.43352937987254
-10.317360997196637,75.17849395768783
-0.2134224840871859,9.1918592203652
1.6560893959579133,19.3669896712359
5.853097577027157,67.6711415543098
5.278701203202054,58.97949120549503
8.19820077338369,110.00329901424368
-11.914656133846261,104.3004062524153
2.238159588149337,23.961996694622158
14.996645227956002,294.88594900499953
-9.396327780985054,60.705664643771286
-13.356489797877526,134.96986052929634
-27.989806505583985,681.4700421976956
1.3672823268749745,17.338590268884545
-8.992684946365955,54.897642759133035
2.928525328342296,30.290361912111536
6.906933698407052,85.33346790781911
-16.100937101609,204.8364271435332
-27.614426814339094,662.0988610271336
-21.698483113477813,394.03023697197057
13.4871583050166,245.85207236464464
18.04164342183121,407.66747104783025
26.85734608475523,838.7464230553379
18.98835277536425,446.5109522231401
